Workbook

Sheet کابینت زمینی
A1: ردیف: | B1: کابینت زمینی | C1: کف | E1: بدنه | G1: طبقه | I1: قید | K1: عرض 3میل | L1: طول 3میل | M1: عرض درب: | N1: ارتفاع درب:
A2: 1- | B2: 80 | C2: 58 | D2: =B2 -> 80 | E2: 58 | F2: 73.4 | G2: 55 | H2: =B2-3.2 -> 76.8 | I2: 7 | J2: =B2-3.2 -> 76.8 | K2: =D2-1.6 -> 78.4 | L2: =F2+1.6-0.8 -> 74.2 | M2: =IF(AND(B2>=10,B2<=50), B2-0.2, IF(AND(B2>50,B2<=100),B2/2-0.2, IF(AND(B2>100,B2<=150),B2/3-0.2, ""))) -> 39.8 | N2: 73.4
C3: نوار: | D3: نوار: | E3: نوار: | F3: نوار: | G3: نوار: | H3: نوار: | I3: نوار: | J3: نوار: | M3: نوار: | N3: نوار:
C4: 0 | D4: 1 | E4: 0 | F4: 1 | G4: 0 | H4: 1 | I4: 0 | J4: 0
C5: تعداد: | D5: 1 | E5: تعداد: | F5: 2 | G5: تعداد: | H5: 1 | I5: تعداد: | J5: 1 | K5: تعداد: | L5: 1 | M5: تعداد: | N5: =IF(AND(B2>=10,B2<=50),1,IF(AND(B2>50,B2<=100),2,IF(AND(B2>100,B2<=150),3,""))) -> 2
A11: 2 | B11: کابینت زمینی | C11: کف | E11: بدنه | G11: طبقه | I11: قید | K11: عرض 3میل | L11: طول 3میل | M11: عرض درب: | N11: ارتفاع درب:
B12: 100 | C12: 58 | D12: =B12 -> 100 | E12: 58 | F12: 73.4 | G12: 55 | H12: =B12-3.2 -> 96.8 | I12: 7 | J12: =B12-3.2 -> 96.8 | K12: =D12-1.6 -> 98.4 | L12: =F12+1.6-0.8 -> 74.2 | M12: =IF(AND(B12>=10,B12<=50), B12-0.2, IF(AND(B12>50,B12<=100),B12/2-0.2, IF(AND(B12>100,B12<=150),B12/3-0.2, ""))) -> 49.8 | N12: 73.4
C13: نوار: | D13: نوار: | E13: نوار: | F13: نوار: | G13: نوار: | H13: نوار: | I13: نوار: | J13: نوار: | M13: نوار: | N13: نوار:
C14: 0 | D14: 1 | E14: 0 | F14: 1 | G14: 0 | H14: 1 | I14: 0 | J14: 0
C15: تعداد: | D15: 1 | E15: تعداد: | F15: 2 | G15: تعداد: | H15: 1 | I15: تعداد: | J15: 1 | K15: تعداد: | L15: 1 | M15: تعداد: | N15: =IF(AND(B12>=10,B12<=50),1,IF(AND(B12>50,B12<=100),2,IF(AND(B12>100,B12<=150),3,""))) -> 2
A20: 3 | B20: کابینت زمینی | C20: کف | E20: بدنه | G20: طبقه | I20: قید | K20: عرض 3میل | L20: طول 3میل | M20: عرض درب: | N20: ارتفاع درب:
B21: 98 | C21: 58 | D21: =B21 -> 98 | E21: 58 | F21: 73.4 | G21: 55 | H21: =B21-3.2 -> 94.8 | I21: 7 | J21: =B21-3.2 -> 94.8 | K21: =D21-1.6 -> 96.4 | L21: =F21+1.6-0.8 -> 74.2 | M21: =IF(AND(B21>=10,B21<=50), B21-0.2, IF(AND(B21>50,B21<=100),B21/2-0.2, IF(AND(B21>100,B21<=150),B21/3-0.2, ""))) -> 48.8 | N21: 73.4
C22: نوار: | D22: نوار: | E22: نوار: | F22: نوار: | G22: نوار: | H22: نوار: | I22: نوار: | J22: نوار: | M22: نوار: | N22: نوار:
C23: 0 | D23: 1 | E23: 0 | F23: 1 | G23: 0 | H23: 1 | I23: 0 | J23: 0
C24: تعداد: | D24: 1 | E24: تعداد: | F24: 2 | G24: تعداد: | H24: 1 | I24: تعداد: | J24: 1 | K24: تعداد: | L24: 1 | M24: تعداد: | N24: =IF(AND(B21>=10,B21<=50),1,IF(AND(B21>50,B21<=100),2,IF(AND(B21>100,B21<=150),3,""))) -> 2
A30: 4 | B30: کابینت زمینی | C30: کف | E30: بدنه | G30: طبقه | I30: قید | K30: عرض 3میل | L30: طول 3میل | M30: عرض درب: | N30: ارتفاع درب:
B31: 100 | C31: 58 | D31: =B31 -> 100 | E31: 58 | F31: 73.4 | G31: 55 | H31: =B31-3.2 -> 96.8 | I31: 7 | J31: =B31-3.2 -> 96.8 | K31: =D31-1.6 -> 98.4 | L31: =F31+1.6-0.8 -> 74.2 | M31: =IF(AND(B31>=10,B31<=50), B31-0.2, IF(AND(B31>50,B31<=100),B31/2-0.2, IF(AND(B31>100,B31<=150),B31/3-0.2, ""))) -> 49.8 | N31: 73.4
C32: نوار: | D32: نوار: | E32: نوار: | F32: نوار: | G32: نوار: | H32: نوار: | I32: نوار: | J32: نوار: | M32: نوار: | N32: نوار:
C33: 0 | D33: 1 | E33: 0 | F33: 1 | G33: 0 | H33: 1 | I33: 0 | J33: 0
C34: تعداد: | D34: 1 | E34: تعداد: | F34: 2 | G34: تعداد: | H34: 1 | I34: تعداد: | J34: 1 | K34: تعداد: | L34: 1 | M34: تعداد: | N34: =IF(AND(B31>=10,B31<=50),1,IF(AND(B31>50,B31<=100),2,IF(AND(B31>100,B31<=150),3,""))) -> 2
A38: 5 | B38: کابینت زمینی | C38: کف | E38: بدنه | G38: طبقه | I38: قید | K38: عرض 3میل | L38: طول 3میل | M38: عرض درب: | N38: ارتفاع درب:
B39: 98 | C39: 58 | D39: =B39 -> 98 | E39: 58 | F39: 73.4 | G39: 55 | H39: =B39-3.2 -> 94.8 | I39: 7 | J39: =B39-3.2 -> 94.8 | K39: =D39-1.6 -> 96.4 | L39: =F39+1.6-0.8 -> 74.2 | M39: =IF(AND(B39>=10,B39<=50), B39-0.2, IF(AND(B39>50,B39<=100),B39/2-0.2, IF(AND(B39>100,B39<=150),B39/3-0.2, ""))) -> 48.8 | N39: 73.4
C40: نوار: | D40: نوار: | E40: نوار: | F40: نوار: | G40: نوار: | H40: نوار: | I40: نوار: | J40: نوار: | M40: نوار: | N40: نوار:
C41: 0 | D41: 1 | E41: 0 | F41: 1 | G41: 0 | H41: 1 | I41: 0 | J41: 0
C42: تعداد: | D42: 1 | E42: تعداد: | F42: 2 | G42: تعداد: | H42: 1 | I42: تعداد: | J42: 1 | K42: تعداد: | L42: 1 | M42: تعداد: | N42: =IF(AND(B39>=10,B39<=50),1,IF(AND(B39>50,B39<=100),2,IF(AND(B39>100,B39<=150),3,""))) -> 2
A46: 6 | B46: کابینت زمینی | C46: کف | E46: بدنه | G46: طبقه | I46: قید | K46: عرض 3میل | L46: طول 3میل | M46: عرض درب: | N46: ارتفاع درب:
B47: 98 | C47: 58 | D47: =B47 -> 98 | E47: 58 | F47: 73.4 | G47: 55 | H47: =B47-3.2 -> 94.8 | I47: 7 | J47: =B47-3.2 -> 94.8 | K47: =D47-1.6 -> 96.4 | L47: =F47+1.6-0.8 -> 74.2 | M47: =IF(AND(B47>=10,B47<=50), B47-0.2, IF(AND(B47>50,B47<=100),B47/2-0.2, IF(AND(B47>100,B47<=150),B47/3-0.2, ""))) -> 48.8 | N47: 73.4
C48: نوار: | D48: نوار: | E48: نوار: | F48: نوار: | G48: نوار: | H48: نوار: | I48: نوار: | J48: نوار: | M48: نوار: | N48: نوار:
C49: 0 | D49: 1 | E49: 0 | F49: 1 | G49: 0 | H49: 1 | I49: 0 | J49: 0
C50: تعداد: | D50: 1 | E50: تعداد: | F50: 2 | G50: تعداد: | H50: 1 | I50: تعداد: | J50: 1 | K50: تعداد: | L50: 1 | M50: تعداد: | N50: =IF(AND(B47>=10,B47<=50),1,IF(AND(B47>50,B47<=100),2,IF(AND(B47>100,B47<=150),3,""))) -> 2
A54: 7 | B54: کابینت زمینی | C54: کف | E54: بدنه | G54: طبقه | I54: قید | K54: عرض 3میل | L54: طول 3میل | M54: عرض درب: | N54: ارتفاع درب:
B55: 30 | C55: 58 | D55: =B55 -> 30 | E55: 58 | F55: 73.4 | G55: 55 | H55: =B55-3.2 -> 26.8 | I55: 7 | J55: =B55-3.2 -> 26.8 | K55: =D55-1.6 -> 28.4 | L55: =F55+1.6-0.8 -> 74.2 | M55: =IF(AND(B55>=10,B55<=50), B55-0.2, IF(AND(B55>50,B55<=100),B55/2-0.2, IF(AND(B55>100,B55<=150),B55/3-0.2, ""))) -> 29.8 | N55: 73.4
C56: نوار: | D56: نوار: | E56: نوار: | F56: نوار: | G56: نوار: | H56: نوار: | I56: نوار: | J56: نوار: | M56: نوار: | N56: نوار:
C57: 0 | D57: 1 | E57: 0 | F57: 1 | G57: 0 | H57: 1 | I57: 0 | J57: 0
C58: تعداد: | D58: 1 | E58: تعداد: | F58: 2 | G58: تعداد: | H58: 1 | I58: تعداد: | J58: 1 | K58: تعداد: | L58: 1 | M58: تعداد: | N58: =IF(AND(B55>=10,B55<=50),1,IF(AND(B55>50,B55<=100),2,IF(AND(B55>100,B55<=150),3,""))) -> 1
A62: 8 | B62: کابینت زمینی | C62: کف | E62: بدنه | G62: طبقه | I62: قید | K62: عرض 3میل | L62: طول 3میل | M62: عرض درب: | N62: ارتفاع درب:
B63: 98 | C63: 58 | D63: =B63 -> 98 | E63: 58 | F63: 73.4 | G63: 55 | H63: =B63-3.2 -> 94.8 | I63: 7 | J63: =B63-3.2 -> 94.8 | K63: =D63-1.6 -> 96.4 | L63: =F63+1.6-0.8 -> 74.2 | M63: =IF(AND(B63>=10,B63<=50), B63-0.2, IF(AND(B63>50,B63<=100),B63/2-0.2, IF(AND(B63>100,B63<=150),B63/3-0.2, ""))) -> 48.8 | N63: 73.4
C64: نوار: | D64: نوار: | E64: نوار: | F64: نوار: | G64: نوار: | H64: نوار: | I64: نوار: | J64: نوار: | M64: نوار: | N64: نوار:
C65: 0 | D65: 1 | E65: 0 | F65: 1 | G65: 0 | H65: 1 | I65: 0 | J65: 0
C66: تعداد: | D66: 1 | E66: تعداد: | F66: 2 | G66: تعداد: | H66: 1 | I66: تعداد: | J66: 1 | K66: تعداد: | L66: 1 | M66: تعداد: | N66: =IF(AND(B63>=10,B63<=50),1,IF(AND(B63>50,B63<=100),2,IF(AND(B63>100,B63<=150),3,""))) -> 2
A70: 9 | B70: کابینت زمینی | C70: کف | E70: بدنه | G70: طبقه | I70: قید | K70: عرض 3میل | L70: طول 3میل | M70: عرض درب: | N70: ارتفاع درب:
B71: 98 | C71: 58 | D71: =B71 -> 98 | E71: 58 | F71: 73.4 | G71: 55 | H71: =B71-3.2 -> 94.8 | I71: 7 | J71: =B71-3.2 -> 94.8 | K71: =D71-1.6 -> 96.4 | L71: =F71+1.6-0.8 -> 74.2 | M71: =IF(AND(B71>=10,B71<=50), B71-0.2, IF(AND(B71>50,B71<=100),B71/2-0.2, IF(AND(B71>100,B71<=150),B71/3-0.2, ""))) -> 48.8 | N71: 73.4
C72: نوار: | D72: نوار: | E72: نوار: | F72: نوار: | G72: نوار: | H72: نوار: | I72: نوار: | J72: نوار: | M72: نوار: | N72: نوار:
C73: 0 | D73: 1 | E73: 0 | F73: 1 | G73: 0 | H73: 1 | I73: 0 | J73: 0
C74: تعداد: | D74: 1 | E74: تعداد: | F74: 2 | G74: تعداد: | H74: 1 | I74: تعداد: | J74: 1 | K74: تعداد: | L74: 1 | M74: تعداد: | N74: =IF(AND(B71>=10,B71<=50),1,IF(AND(B71>50,B71<=100),2,IF(AND(B71>100,B71<=150),3,""))) -> 2
A78: 10 | B78: کابینت زمینی | C78: کف | E78: بدنه | G78: طبقه | I78: قید | K78: عرض 3میل | L78: طول 3میل | M78: عرض درب: | N78: ارتفاع درب:
B79: 100 | C79: 58 | D79: =B79 -> 100 | E79: 58 | F79: 73.4 | G79: 55 | H79: =B79-3.2 -> 96.8 | I79: 7 | J79: =B79-3.2 -> 96.8 | K79: =D79-1.6 -> 98.4 | L79: =F79+1.6-0.8 -> 74.2 | M79: =IF(AND(B79>=10,B79<=50), B79-0.2, IF(AND(B79>50,B79<=100),B79/2-0.2, IF(AND(B79>100,B79<=150),B79/3-0.2, ""))) -> 49.8 | N79: 73.4
C80: نوار: | D80: نوار: | E80: نوار: | F80: نوار: | G80: نوار: | H80: نوار: | I80: نوار: | J80: نوار: | M80: نوار: | N80: نوار:
C81: 0 | D81: 1 | E81: 0 | F81: 1 | G81: 0 | H81: 1 | I81: 0 | J81: 0
C82: تعداد: | D82: 0 | E82: تعداد: | F82: 2 | G82: تعداد: | H82: 0 | I82: تعداد: | J82: 0 | K82: تعداد: | L82: 0 | M82: تعداد: | N82: =IF(AND(B79>=10,B79<=50),1,IF(AND(B79>50,B79<=100),2,IF(AND(B79>100,B79<=150),3,""))) -> 2
A86: 11 | B86: کابینت زمینی | C86: کف | E86: بدنه | G86: طبقه | I86: قید | K86: عرض 3میل | L86: طول 3میل | M86: عرض درب: | N86: ارتفاع درب:
B87: 98 | C87: 58 | D87: =B87 -> 98 | E87: 58 | F87: 73.4 | G87: 55 | H87: =B87-3.2 -> 94.8 | I87: 7 | J87: =B87-3.2 -> 94.8 | K87: =D87-1.6 -> 96.4 | L87: =F87+1.6-0.8 -> 74.2 | M87: =IF(AND(B87>=10,B87<=50), B87-0.2, IF(AND(B87>50,B87<=100),B87/2-0.2, IF(AND(B87>100,B87<=150),B87/3-0.2, ""))) -> 48.8 | N87: 73.4
C88: نوار: | D88: نوار: | E88: نوار: | F88: نوار: | G88: نوار: | H88: نوار: | I88: نوار: | J88: نوار: | M88: نوار: | N88: نوار:
C89: 0 | D89: 1 | E89: 0 | F89: 1 | G89: 0 | H89: 1 | I89: 0 | J89: 0
C90: تعداد: | D90: 0 | E90: تعداد: | F90: 2 | G90: تعداد: | H90: 0 | I90: تعداد: | J90: 0 | K90: تعداد: | L90: 0 | M90: تعداد: | N90: =IF(AND(B87>=10,B87<=50),1,IF(AND(B87>50,B87<=100),2,IF(AND(B87>100,B87<=150),3,""))) -> 2

Sheet آنالیز زمینی
B1: ردیف: | I1: نام یونیت:
B2: 1 | C2: توضیحات | D2: تعداد | E2: نوار | F2: عرض | G2: نوار | H2: طول | I2: ='کابینت زمینی'!B2 -> 80 | J2: 3میل | K2: تعداد | L2: عرض | M2: طول
D3: ='کابینت زمینی'!D5 -> 1 | E3: ='کابینت زمینی'!C4 -> 0 | F3: ='کابینت زمینی'!C2 -> 58 | G3: ='کابینت زمینی'!D4 -> 1 | H3: ='کابینت زمینی'!D2 -> 80 | I3: کف: | K3: ='کابینت زمینی'!L5 -> 1 | L3: ='کابینت زمینی'!K2 -> 78.4 | M3: ='کابینت زمینی'!L2 -> 74.2 | O3: طول | P3: عرض | Q3: تعداد | R3: موارد | T3: طول | U3: عرض | V3: تعداد | W3: موارد
D4: ='کابینت زمینی'!F5 -> 2 | E4: ='کابینت زمینی'!E4 -> 0 | F4: ='کابینت زمینی'!E2 -> 58 | G4: ='کابینت زمینی'!F4 -> 1 | H4: ='کابینت زمینی'!F2 -> 73.4 | I4: بدونه: | O4: =H3 -> 80 | P4: =F3 -> 58 | Q4: =D3 -> 1 | R4: safid366 | T4: =M3 -> 74.2 | U4: =L3 -> 78.4 | V4: =K3 -> 1 | W4: 3mil
D5: ='کابینت زمینی'!H5 -> 1 | E5: ='کابینت زمینی'!G4 -> 0 | F5: ='کابینت زمینی'!G2 -> 55 | G5: ='کابینت زمینی'!H4 -> 1 | H5: ='کابینت زمینی'!H2 -> 76.8 | I5: طبقه: | O5: =H4 -> 73.4 | P5: =F4 -> 58 | Q5: =D4 -> 2 | R5: safid366 | T5: =M11 -> 74.2 | U5: =L11 -> 98.4 | V5: =K11 -> 1 | W5: 3mil
D6: ='کابینت زمینی'!J5 -> 1 | E6: ='کابینت زمینی'!I4 -> 0 | F6: ='کابینت زمینی'!I2 -> 7 | G6: ='کابینت زمینی'!J4 -> 0 | H6: ='کابینت زمینی'!J2 -> 76.8 | I6: قید: | O6: =H5 -> 76.8 | P6: =F5 -> 55 | Q6: =D5 -> 1 | R6: safid366 | T6: =M19 -> 74.2 | U6: =L19 -> 96.4 | V6: =K19 -> 1 | W6: 3mil
O7: =H6 -> 76.8 | P7: =F6 -> 7 | Q7: =D6 -> 1 | R7: safid366 | T7: =M27 -> 74.2 | U7: =L27 -> 98.4 | V7: =K27 -> 1 | W7: 3mil
O8: =H11 -> 100 | P8: =F11 -> 58 | Q8: =D11 -> 1 | R8: safid366 | T8: =M35 -> 74.2 | U8: =L35 -> 96.4 | V8: =K35 -> 1 | W8: 3mil
I9: نام یونیت: | O9: =H12 -> 73.4 | P9: =F12 -> 58 | Q9: =D12 -> 2 | R9: safid366 | T9: =M43 -> 74.2 | U9: =L43 -> 96.4 | V9: =K43 -> 1 | W9: 3mil
B10: 2 | C10: توضیحات | D10: تعداد | E10: نوار | F10: عرض | G10: نوار | H10: طول | I10: ='کابینت زمینی'!B12 -> 100 | J10: 3میل | K10: تعداد | L10: عرض | M10: طول | O10: =H13 -> 96.8 | P10: =F13 -> 55 | Q10: =D13 -> 1 | R10: safid366 | T10: =M51 -> 74.2 | U10: =L51 -> 28.4 | V10: =K51 -> 1 | W10: 3mil
D11: ='کابینت زمینی'!D15 -> 1 | E11: ='کابینت زمینی'!C14 -> 0 | F11: ='کابینت زمینی'!C12 -> 58 | G11: ='کابینت زمینی'!D14 -> 1 | H11: ='کابینت زمینی'!D12 -> 100 | I11: کف: | K11: ='کابینت زمینی'!L15 -> 1 | L11: ='کابینت زمینی'!K12 -> 98.4 | M11: ='کابینت زمینی'!L12 -> 74.2 | O11: =H14 -> 96.8 | P11: =F14 -> 7 | Q11: =D14 -> 1 | R11: safid366 | T11: =M60 -> 74.2 | U11: =L60 -> 96.4 | V11: =K60 -> 1 | W11: 3mil
D12: ='کابینت زمینی'!F15 -> 2 | E12: ='کابینت زمینی'!E14 -> 0 | F12: ='کابینت زمینی'!E12 -> 58 | G12: ='کابینت زمینی'!F14 -> 1 | H12: ='کابینت زمینی'!F12 -> 73.4 | I12: بدونه: | O12: =H19 -> 98 | P12: =F19 -> 58 | Q12: =D19 -> 1 | R12: safid366 | T12: =M68 -> 74.2 | U12: =L68 -> 96.4 | V12: =K68 -> 1 | W12: 3mil
D13: ='کابینت زمینی'!H15 -> 1 | E13: ='کابینت زمینی'!G14 -> 0 | F13: ='کابینت زمینی'!G12 -> 55 | G13: ='کابینت زمینی'!H14 -> 1 | H13: ='کابینت زمینی'!H12 -> 96.8 | I13: طبقه: | O13: =H20 -> 73.4 | P13: =F20 -> 58 | Q13: =D19 -> 1 | R13: safid366 | T13: =M76 -> 74.2 | U13: =L76 -> 98.4 | V13: =K76 -> 0 | W13: 3mil
D14: ='کابینت زمینی'!J15 -> 1 | E14: ='کابینت زمینی'!I14 -> 0 | F14: ='کابینت زمینی'!I12 -> 7 | G14: ='کابینت زمینی'!J14 -> 0 | H14: ='کابینت زمینی'!J12 -> 96.8 | I14: قید: | O14: =H21 -> 94.8 | P14: =F21 -> 55 | Q14: =D21 -> 1 | R14: safid366 | T14: =M84 -> 74.2 | U14: =L84 -> 96.4 | V14: =K84 -> 0 | W14: 3mil
O15: =H22 -> 94.8 | P15: =F22 -> 7 | Q15: =D22 -> 1 | R15: safid366
O16: =H27 -> 100 | P16: =F27 -> 58 | Q16: =D27 -> 1 | R16: safid366
I17: نام یونیت: | O17: =H28 -> 73.4 | P17: =F28 -> 58 | Q17: =D28 -> 2 | R17: safid366
B18: 3 | C18: توضیحات | D18: تعداد | E18: نوار | F18: عرض | G18: نوار | H18: طول | I18: ='کابینت زمینی'!B21 -> 98 | J18: 3میل | K18: تعداد | L18: عرض | M18: طول | O18: =H29 -> 96.8 | P18: =F29 -> 55 | Q18: =D29 -> 1 | R18: safid366
D19: ='کابینت زمینی'!D24 -> 1 | E19: ='کابینت زمینی'!C23 -> 0 | F19: ='کابینت زمینی'!C21 -> 58 | G19: ='کابینت زمینی'!D23 -> 1 | H19: ='کابینت زمینی'!D21 -> 98 | I19: کف: | K19: ='کابینت زمینی'!L24 -> 1 | L19: ='کابینت زمینی'!K21 -> 96.4 | M19: ='کابینت زمینی'!L21 -> 74.2 | O19: =H30 -> 96.8 | P19: =F30 -> 7 | Q19: =D30 -> 1 | R19: safid366
D20: ='کابینت زمینی'!F24 -> 2 | E20: ='کابینت زمینی'!E23 -> 0 | F20: ='کابینت زمینی'!E21 -> 58 | G20: ='کابینت زمینی'!F23 -> 1 | H20: ='کابینت زمینی'!F21 -> 73.4 | I20: بدونه: | O20: =H35 -> 98 | P20: =F35 -> 58 | Q20: =D35 -> 1 | R20: safid366
D21: ='کابینت زمینی'!H24 -> 1 | E21: ='کابینت زمینی'!G23 -> 0 | F21: ='کابینت زمینی'!G21 -> 55 | G21: ='کابینت زمینی'!H23 -> 1 | H21: ='کابینت زمینی'!H21 -> 94.8 | I21: طبقه: | O21: =H36 -> 73.4 | P21: =F36 -> 58 | Q21: =D36 -> 2 | R21: safid366 | T21: طول | U21: عرض | V21: تعداد | W21: موارد
D22: ='کابینت زمینی'!J24 -> 1 | E22: ='کابینت زمینی'!I23 -> 0 | F22: ='کابینت زمینی'!I21 -> 7 | G22: ='کابینت زمینی'!J23 -> 0 | H22: ='کابینت زمینی'!J21 -> 94.8 | I22: قید: | O22: =H37 -> 94.8 | P22: =F37 -> 55 | Q22: =D37 -> 1 | R22: safid366 | T22: ='کابینت زمینی'!N2 -> 73.4 | U22: ='کابینت زمینی'!M2 -> 39.8 | V22: ='کابینت زمینی'!N5 -> 2
O23: =H38 -> 94.8 | P23: =F38 -> 7 | Q23: =D38 -> 1 | R23: safid366 | T23: ='کابینت زمینی'!N12 -> 73.4 | U23: ='کابینت زمینی'!M12 -> 49.8 | V23: ='کابینت زمینی'!N15 -> 2
O24: =H43 -> 98 | P24: =F43 -> 58 | Q24: =D43 -> 1 | R24: safid366 | T24: ='کابینت زمینی'!N21 -> 73.4 | U24: ='کابینت زمینی'!M21 -> 48.8 | V24: ='کابینت زمینی'!N24 -> 2
I25: نام یونیت: | O25: =H44 -> 73.4 | P25: =F44 -> 58 | Q25: =D44 -> 2 | R25: safid366 | T25: ='کابینت زمینی'!N31 -> 73.4 | U25: ='کابینت زمینی'!M31 -> 49.8 | V25: ='کابینت زمینی'!N34 -> 2
B26: 4 | C26: توضیحات | D26: تعداد | E26: نوار | F26: عرض | G26: نوار | H26: طول | I26: ='کابینت زمینی'!B31 -> 100 | J26: 3میل | K26: تعداد | L26: عرض | M26: طول | O26: =H45 -> 94.8 | P26: =F45 -> 55 | Q26: =D45 -> 1 | R26: safid366 | T26: ='کابینت زمینی'!N39 -> 73.4 | U26: ='کابینت زمینی'!M39 -> 48.8 | V26: ='کابینت زمینی'!N42 -> 2
D27: ='کابینت زمینی'!D34 -> 1 | E27: ='کابینت زمینی'!C33 -> 0 | F27: ='کابینت زمینی'!C31 -> 58 | G27: ='کابینت زمینی'!D33 -> 1 | H27: ='کابینت زمینی'!D31 -> 100 | I27: کف: | K27: ='کابینت زمینی'!L34 -> 1 | L27: ='کابینت زمینی'!K31 -> 98.4 | M27: ='کابینت زمینی'!L31 -> 74.2 | O27: =H46 -> 94.8 | P27: =F46 -> 7 | Q27: =D46 -> 1 | R27: safid366 | T27: ='کابینت زمینی'!N47 -> 73.4 | U27: ='کابینت زمینی'!M47 -> 48.8 | V27: ='کابینت زمینی'!N50 -> 2
D28: ='کابینت زمینی'!F34 -> 2 | E28: ='کابینت زمینی'!E33 -> 0 | F28: ='کابینت زمینی'!E31 -> 58 | G28: ='کابینت زمینی'!F33 -> 1 | H28: ='کابینت زمینی'!F31 -> 73.4 | I28: بدونه: | O28: =H51 -> 30 | P28: =F51 -> 58 | Q28: =D51 -> 1 | R28: safid366 | T28: ='کابینت زمینی'!N55 -> 73.4 | U28: ='کابینت زمینی'!M55 -> 29.8 | V28: ='کابینت زمینی'!N58 -> 1
D29: ='کابینت زمینی'!H34 -> 1 | E29: ='کابینت زمینی'!G33 -> 0 | F29: ='کابینت زمینی'!G31 -> 55 | G29: ='کابینت زمینی'!H33 -> 1 | H29: ='کابینت زمینی'!H31 -> 96.8 | I29: طبقه: | O29: =H52 -> 73.4 | P29: =F52 -> 58 | Q29: =D52 -> 2 | R29: safid366 | T29: ='کابینت زمینی'!N63 -> 73.4 | U29: ='کابینت زمینی'!M63 -> 48.8 | V29: ='کابینت زمینی'!N66 -> 2
D30: ='کابینت زمینی'!J34 -> 1 | E30: ='کابینت زمینی'!I33 -> 0 | F30: ='کابینت زمینی'!I31 -> 7 | G30: ='کابینت زمینی'!J33 -> 0 | H30: ='کابینت زمینی'!J31 -> 96.8 | I30: قید: | O30: =H53 -> 26.8 | P30: =F53 -> 55 | Q30: =D53 -> 1 | R30: safid366 | T30: ='کابینت زمینی'!N71 -> 73.4 | U30: ='کابینت زمینی'!M71 -> 48.8 | V30: ='کابینت زمینی'!N74 -> 2
O31: =H54 -> 26.8 | P31: =F54 -> 7 | Q31: =D54 -> 1 | R31: safid366 | T31: ='کابینت زمینی'!N79 -> 73.4 | U31: ='کابینت زمینی'!M79 -> 49.8 | V31: ='کابینت زمینی'!N82 -> 2
O32: =H60 -> 98 | P32: =F60 -> 58 | Q32: =D60 -> 1 | R32: safid366 | T32: ='کابینت زمینی'!N87 -> 73.4 | U32: ='کابینت زمینی'!M87 -> 48.8 | V32: ='کابینت زمینی'!N90 -> 2
I33: نام یونیت: | O33: =H61 -> 73.4 | P33: =F61 -> 58 | Q33: =D61 -> 2 | R33: safid366
B34: 5 | C34: توضیحات | D34: تعداد | E34: نوار | F34: عرض | G34: نوار | H34: طول | I34: ='کابینت زمینی'!B39 -> 98 | J34: 3میل | K34: تعداد | L34: عرض | M34: طول | O34: =H45 -> 94.8 | P34: =F45 -> 55 | Q34: =D45 -> 1 | R34: safid366
D35: ='کابینت زمینی'!D42 -> 1 | E35: ='کابینت زمینی'!C41 -> 0 | F35: ='کابینت زمینی'!C39 -> 58 | G35: ='کابینت زمینی'!D41 -> 1 | H35: ='کابینت زمینی'!D39 -> 98 | I35: کف: | K35: ='کابینت زمینی'!L42 -> 1 | L35: ='کابینت زمینی'!K39 -> 96.4 | M35: ='کابینت زمینی'!L39 -> 74.2 | O35: =H46 -> 94.8 | P35: =F46 -> 7 | Q35: =D46 -> 1 | R35: safid366
D36: ='کابینت زمینی'!F42 -> 2 | E36: ='کابینت زمینی'!E41 -> 0 | F36: ='کابینت زمینی'!E39 -> 58 | G36: ='کابینت زمینی'!F41 -> 1 | H36: ='کابینت زمینی'!F39 -> 73.4 | I36: بدونه: | O36: =H51 -> 30 | P36: =F51 -> 58 | Q36: =D51 -> 1 | R36: safid366
D37: ='کابینت زمینی'!H42 -> 1 | E37: ='کابینت زمینی'!G41 -> 0 | F37: ='کابینت زمینی'!G39 -> 55 | G37: ='کابینت زمینی'!H41 -> 1 | H37: ='کابینت زمینی'!H39 -> 94.8 | I37: طبقه: | O37: =H52 -> 73.4 | P37: =F52 -> 58 | Q37: =D52 -> 2 | R37: safid366
D38: ='کابینت زمینی'!J42 -> 1 | E38: ='کابینت زمینی'!I41 -> 0 | F38: ='کابینت زمینی'!I39 -> 7 | G38: ='کابینت زمینی'!J41 -> 0 | H38: ='کابینت زمینی'!J39 -> 94.8 | I38: قید: | O38: =H53 -> 26.8 | P38: =F53 -> 55 | Q38: =D53 -> 1 | R38: safid366
O39: =H54 -> 26.8 | P39: =F54 -> 7 | Q39: =D54 -> 1 | R39: safid366
O40: =H60 -> 98 | P40: =F60 -> 58 | Q40: =D60 -> 1 | R40: safid366
I41: نام یونیت: | O41: =H61 -> 73.4 | P41: =F61 -> 58 | Q41: =D61 -> 2 | R41: safid366
B42: 6 | C42: توضیحات | D42: تعداد | E42: نوار | F42: عرض | G42: نوار | H42: طول | I42: ='کابینت زمینی'!B47 -> 98 | J42: 3میل | K42: تعداد | L42: عرض | M42: طول | O42: =H62 -> 94.8 | P42: =F62 -> 55 | Q42: =D62 -> 1 | R42: safid366
D43: ='کابینت زمینی'!D50 -> 1 | E43: ='کابینت زمینی'!C49 -> 0 | F43: ='کابینت زمینی'!C47 -> 58 | G43: ='کابینت زمینی'!D49 -> 1 | H43: ='کابینت زمینی'!D47 -> 98 | I43: کف: | K43: ='کابینت زمینی'!L50 -> 1 | L43: ='کابینت زمینی'!K47 -> 96.4 | M43: ='کابینت زمینی'!L47 -> 74.2 | O43: =H63 -> 94.8 | P43: =F63 -> 7 | Q43: =D63 -> 1 | R43: safid366
D44: ='کابینت زمینی'!F50 -> 2 | E44: ='کابینت زمینی'!E49 -> 0 | F44: ='کابینت زمینی'!E47 -> 58 | G44: ='کابینت زمینی'!F49 -> 1 | H44: ='کابینت زمینی'!F47 -> 73.4 | I44: بدونه: | O44: =H68 -> 98 | P44: =F68 -> 58 | Q44: =D68 -> 1 | R44: safid366
D45: ='کابینت زمینی'!H50 -> 1 | E45: ='کابینت زمینی'!G49 -> 0 | F45: ='کابینت زمینی'!G47 -> 55 | G45: ='کابینت زمینی'!H49 -> 1 | H45: ='کابینت زمینی'!H47 -> 94.8 | I45: طبقه: | O45: =H69 -> 73.4 | P45: =F69 -> 58 | Q45: =D69 -> 2 | R45: safid366
D46: ='کابینت زمینی'!J50 -> 1 | E46: ='کابینت زمینی'!I49 -> 0 | F46: ='کابینت زمینی'!I47 -> 7 | G46: ='کابینت زمینی'!J49 -> 0 | H46: ='کابینت زمینی'!J47 -> 94.8 | I46: قید: | O46: =H70 -> 94.8 | P46: =F70 -> 55 | Q46: =D70 -> 1 | R46: safid366
O47: =H71 -> 94.8 | P47: =F71 -> 7 | Q47: =D71 -> 1 | R47: safid366
O48: =H76 -> 100 | P48: =F76 -> 58 | Q48: =D76 -> 0 | R48: safid366
I49: نام یونیت: | O49: =H77 -> 73.4 | P49: =F77 -> 58 | Q49: =D77 -> 2 | R49: safid366
B50: 7 | C50: توضیحات | D50: تعداد | E50: نوار | F50: عرض | G50: نوار | H50: طول | I50: ='کابینت زمینی'!B55 -> 30 | J50: 3میل | K50: تعداد | L50: عرض | M50: طول | O50: =H78 -> 96.8 | P50: =F78 -> 55 | Q50: =D78 -> 0 | R50: safid366
D51: ='کابینت زمینی'!D58 -> 1 | E51: ='کابینت زمینی'!C57 -> 0 | F51: ='کابینت زمینی'!C55 -> 58 | G51: ='کابینت زمینی'!D57 -> 1 | H51: ='کابینت زمینی'!D55 -> 30 | I51: کف: | K51: ='کابینت زمینی'!L58 -> 1 | L51: ='کابینت زمینی'!K55 -> 28.4 | M51: ='کابینت زمینی'!L55 -> 74.2 | O51: =H79 -> 96.8 | P51: =F79 -> 7 | Q51: =D79 -> 0 | R51: safid366
D52: ='کابینت زمینی'!F58 -> 2 | E52: ='کابینت زمینی'!E57 -> 0 | F52: ='کابینت زمینی'!E55 -> 58 | G52: ='کابینت زمینی'!F57 -> 1 | H52: ='کابینت زمینی'!F55 -> 73.4 | I52: بدونه: | O52: =H84 -> 98 | P52: =F84 -> 58 | Q52: =D84 -> 0 | R52: safid366
D53: ='کابینت زمینی'!H58 -> 1 | E53: ='کابینت زمینی'!G57 -> 0 | F53: ='کابینت زمینی'!G55 -> 55 | G53: ='کابینت زمینی'!H57 -> 1 | H53: ='کابینت زمینی'!H55 -> 26.8 | I53: طبقه: | O53: =H85 -> 73.4 | P53: =F85 -> 58 | Q53: =D85 -> 2 | R53: safid366
D54: ='کابینت زمینی'!J58 -> 1 | E54: ='کابینت زمینی'!I57 -> 0 | F54: ='کابینت زمینی'!I55 -> 7 | G54: ='کابینت زمینی'!J57 -> 0 | H54: ='کابینت زمینی'!J55 -> 26.8 | I54: قید: | O54: =H86 -> 94.8 | P54: =F86 -> 55 | Q54: =D86 -> 0 | R54: safid366
O55: =H87 -> 94.8 | P55: =F87 -> 7 | Q55: =D87 -> 0 | R55: safid366
I58: نام یونیت:
B59: 8 | C59: توضیحات | D59: تعداد | E59: نوار | F59: عرض | G59: نوار | H59: طول | I59: ='کابینت زمینی'!B63 -> 98 | J59: 3میل | K59: تعداد | L59: عرض | M59: طول
D60: ='کابینت زمینی'!D66 -> 1 | E60: ='کابینت زمینی'!C65 -> 0 | F60: ='کابینت زمینی'!C63 -> 58 | G60: ='کابینت زمینی'!D65 -> 1 | H60: ='کابینت زمینی'!D63 -> 98 | I60: کف: | K60: ='کابینت زمینی'!L66 -> 1 | L60: ='کابینت زمینی'!K63 -> 96.4 | M60: ='کابینت زمینی'!L63 -> 74.2
D61: ='کابینت زمینی'!F66 -> 2 | E61: ='کابینت زمینی'!E65 -> 0 | F61: ='کابینت زمینی'!E63 -> 58 | G61: ='کابینت زمینی'!F65 -> 1 | H61: ='کابینت زمینی'!F63 -> 73.4 | I61: بدونه:
D62: ='کابینت زمینی'!H66 -> 1 | E62: ='کابینت زمینی'!G65 -> 0 | F62: ='کابینت زمینی'!G63 -> 55 | G62: ='کابینت زمینی'!H65 -> 1 | H62: ='کابینت زمینی'!H63 -> 94.8 | I62: طبقه:
D63: ='کابینت زمینی'!J66 -> 1 | E63: ='کابینت زمینی'!I65 -> 0 | F63: ='کابینت زمینی'!I63 -> 7 | G63: ='کابینت زمینی'!J65 -> 0 | H63: ='کابینت زمینی'!J63 -> 94.8 | I63: قید:
I66: نام یونیت:
B67: 9 | C67: توضیحات | D67: تعداد | E67: نوار | F67: عرض | G67: نوار | H67: طول | I67: ='کابینت زمینی'!B71 -> 98 | J67: 3میل | K67: تعداد | L67: عرض | M67: طول
D68: ='کابینت زمینی'!D74 -> 1 | E68: ='کابینت زمینی'!C73 -> 0 | F68: ='کابینت زمینی'!C71 -> 58 | G68: ='کابینت زمینی'!D73 -> 1 | H68: ='کابینت زمینی'!D71 -> 98 | I68: کف: | K68: ='کابینت زمینی'!L74 -> 1 | L68: ='کابینت زمینی'!K71 -> 96.4 | M68: ='کابینت زمینی'!L71 -> 74.2
D69: ='کابینت زمینی'!F74 -> 2 | E69: ='کابینت زمینی'!E73 -> 0 | F69: ='کابینت زمینی'!E71 -> 58 | G69: ='کابینت زمینی'!F73 -> 1 | H69: ='کابینت زمینی'!F71 -> 73.4 | I69: بدونه:
D70: ='کابینت زمینی'!H74 -> 1 | E70: ='کابینت زمینی'!G73 -> 0 | F70: ='کابینت زمینی'!G71 -> 55 | G70: ='کابینت زمینی'!H73 -> 1 | H70: ='کابینت زمینی'!H71 -> 94.8 | I70: طبقه:
D71: ='کابینت زمینی'!J74 -> 1 | E71: ='کابینت زمینی'!I65 -> 0 | F71: ='کابینت زمینی'!I63 -> 7 | G71: ='کابینت زمینی'!J65 -> 0 | H71: ='کابینت زمینی'!J63 -> 94.8 | I71: قید:
I74: نام یونیت:
B75: 10 | C75: توضیحات | D75: تعداد | E75: نوار | F75: عرض | G75: نوار | H75: طول | I75: ='کابینت زمینی'!B79 -> 100 | J75: 3میل | K75: تعداد | L75: عرض | M75: طول
D76: ='کابینت زمینی'!D82 -> 0 | E76: ='کابینت زمینی'!C81 -> 0 | F76: ='کابینت زمینی'!C79 -> 58 | G76: ='کابینت زمینی'!D81 -> 1 | H76: ='کابینت زمینی'!D79 -> 100 | I76: کف: | K76: ='کابینت زمینی'!L82 -> 0 | L76: ='کابینت زمینی'!K79 -> 98.4 | M76: ='کابینت زمینی'!L79 -> 74.2
D77: ='کابینت زمینی'!F82 -> 2 | E77: ='کابینت زمینی'!E81 -> 0 | F77: ='کابینت زمینی'!E79 -> 58 | G77: ='کابینت زمینی'!F81 -> 1 | H77: ='کابینت زمینی'!F79 -> 73.4 | I77: بدونه:
D78: ='کابینت زمینی'!H82 -> 0 | E78: ='کابینت زمینی'!G81 -> 0 | F78: ='کابینت زمینی'!G79 -> 55 | G78: ='کابینت زمینی'!H81 -> 1 | H78: ='کابینت زمینی'!H79 -> 96.8 | I78: طبقه:
D79: ='کابینت زمینی'!J82 -> 0 | E79: ='کابینت زمینی'!I81 -> 0 | F79: ='کابینت زمینی'!I79 -> 7 | G79: ='کابینت زمینی'!J81 -> 0 | H79: ='کابینت زمینی'!J79 -> 96.8 | I79: قید:
I82: نام یونیت:
B83: 11 | C83: توضیحات | D83: تعداد | E83: نوار | F83: عرض | G83: نوار | H83: طول | I83: ='کابینت زمینی'!B87 -> 98 | J83: 3میل | K83: تعداد | L83: عرض | M83: طول
D84: ='کابینت زمینی'!D90 -> 0 | E84: ='کابینت زمینی'!C81 -> 0 | F84: ='کابینت زمینی'!C79 -> 58 | G84: ='کابینت زمینی'!D81 -> 1 | H84: ='کابینت زمینی'!D87 -> 98 | I84: کف: | K84: ='کابینت زمینی'!L90 -> 0 | L84: ='کابینت زمینی'!K87 -> 96.4 | M84: ='کابینت زمینی'!L87 -> 74.2
D85: ='کابینت زمینی'!F90 -> 2 | E85: ='کابینت زمینی'!E81 -> 0 | F85: ='کابینت زمینی'!E79 -> 58 | G85: ='کابینت زمینی'!F81 -> 1 | H85: ='کابینت زمینی'!F79 -> 73.4 | I85: بدونه:
D86: ='کابینت زمینی'!H90 -> 0 | E86: ='کابینت زمینی'!G81 -> 0 | F86: ='کابینت زمینی'!G87 -> 55 | G86: ='کابینت زمینی'!H81 -> 1 | H86: ='کابینت زمینی'!H87 -> 94.8 | I86: طبقه:
D87: ='کابینت زمینی'!J90 -> 0 | E87: ='کابینت زمینی'!I89 -> 0 | F87: ='کابینت زمینی'!I87 -> 7 | G87: ='کابینت زمینی'!J89 -> 0 | H87: ='کابینت زمینی'!J87 -> 94.8 | I87: قید:

Sheet کابینت هوایی
A1: ردیف
A2: 1 | B2: کابینت هوایی | C2: بدنه | E2: کف | G2: تاق | I2: طبقه | K2: قید | M2: عرض3 میل | N2: طول3 میل | O2: عرض درب | P2: طول درب
B3: 60 | C3: 35 | D3: 90 | E3: 35 | F3: =B3-3.2 -> 56.8 | G3: =C3-2 -> 33 | H3: =B3-3.2 -> 56.8 | I3: =E3-3 -> 32 | J3: =F3 -> 56.8 | K3: 7 | L3: =B3-3.2 -> 56.8 | M3: =F3+1.6 -> 58.4 | N3: =D3-0.8 -> 89.2 | O3: =IF(AND(B3>=10,B3<=50), B3-0.2, IF(AND(B3>50,B3<=100),B3/2-0.2, IF(AND(B3>100,B3<=150),B3/3-0.2, ""))) -> 29.8 | P3: 92
C4: نوار | D4: نوار | E4: نوار | F4: نوار | G4: نوار | H4: نوار | I4: نوار | J4: نوار | K4: نوار | L4: نوار
C5: 1 | D5: 1 | E5: 0 | F5: 1 | G5: 0 | H5: 1 | I5: 0 | J5: 1 | K5: 0 | L5: 0
C6: تعداد: | D6: 2 | E6: تعداد: | F6: 1 | G6: تعداد: | H6: 1 | I6: تعداد: | J6: 1 | K6: تعداد | L6: 1 | M6: تعداد | N6: 1 | O6: تعداد: | P6: =IF(AND(B3>=10,B3<=50),1,IF(AND(B3>50,B3<=100),2,IF(AND(B3>100,B3<=150),3,""))) -> 2
A9: 2 | B9: کابینت هوایی | C9: بدنه | E9: کف | G9: تاق | I9: طبقه | K9: قید | M9: عرض3 میل | N9: طول3 میل | O9: عرض درب | P9: طول درب
B10: 84 | C10: 35 | D10: 100 | E10: 35 | F10: =B10-3.2 -> 80.8 | G10: =C10-2 -> 33 | H10: =B10-3.2 -> 80.8 | I10: =E10-3 -> 32 | J10: =F10 -> 80.8 | K10: 7 | L10: =B10-3.2 -> 80.8 | M10: =F10+1.6 -> 82.4 | N10: =D10-0.8 -> 99.2 | O10: =IF(AND(B10>=10,B10<=50), B10-0.2, IF(AND(B10>50,B10<=100),B10/2-0.2, IF(AND(B10>100,B10<=150),B10/3-0.2, ""))) -> 41.8 | P10: 92
C11: نوار | D11: نوار | E11: نوار | F11: نوار | G11: نوار | H11: نوار | I11: نوار | J11: نوار | K11: نوار | L11: نوار
C12: 1 | D12: 1 | E12: 0 | F12: 1 | G12: 0 | H12: 1 | I12: 0 | J12: 1 | K12: 0 | L12: 0
C13: تعداد: | D13: 2 | E13: تعداد: | F13: 1 | G13: تعداد: | H13: 1 | I13: تعداد: | J13: 1 | K13: تعداد | L13: 1 | M13: تعداد | N13: 1 | O13: تعداد: | P13: =IF(AND(B10>=10,B10<=50),1,IF(AND(B10>50,B10<=100),2,IF(AND(B10>100,B10<=150),3,""))) -> 2
A16: 3 | B16: کابینت هوایی | C16: بدنه | E16: کف | G16: تاق | I16: طبقه | K16: قید | M16: عرض3 میل | N16: طول3 میل | O16: عرض درب | P16: طول درب
B17: 80 | C17: 35 | D17: 90 | E17: 35 | F17: =B17-3.2 -> 76.8 | G17: =C17-2 -> 33 | H17: =B17-3.2 -> 76.8 | I17: =E17-3 -> 32 | J17: =F17 -> 76.8 | K17: 7 | L17: =B17-3.2 -> 76.8 | M17: =F17+1.6 -> 78.4 | N17: =D17-0.8 -> 89.2 | O17: =IF(AND(B17>=10,B17<=50), B17-0.2, IF(AND(B17>50,B17<=100),B17/2-0.2, IF(AND(B17>100,B17<=150),B17/3-0.2, ""))) -> 39.8 | P17: 92
C18: نوار | D18: نوار | E18: نوار | F18: نوار | G18: نوار | H18: نوار | I18: نوار | J18: نوار | K18: نوار | L18: نوار
C19: 1 | D19: 1 | E19: 0 | F19: 1 | G19: 0 | H19: 1 | I19: 0 | J19: 1 | K19: 0 | L19: 0
C20: تعداد: | D20: 2 | E20: تعداد: | F20: 1 | G20: تعداد: | H20: 1 | I20: تعداد: | J20: 1 | K20: تعداد | L20: 1 | M20: تعداد | N20: 1 | O20: تعداد: | P20: =IF(AND(B17>=10,B17<=50),1,IF(AND(B17>50,B17<=100),2,IF(AND(B17>100,B17<=150),3,""))) -> 2
A23: 4 | B23: کابینت هوایی | C23: بدنه | E23: کف | G23: تاق | I23: طبقه | K23: قید | M23: عرض3 میل | N23: طول3 میل | O23: عرض درب | P23: طول درب
B24: 84 | C24: 35 | D24: 90 | E24: 35 | F24: =B24-3.2 -> 80.8 | G24: =C24-2 -> 33 | H24: =B24-3.2 -> 80.8 | I24: =E24-3 -> 32 | J24: =F24 -> 80.8 | K24: 7 | L24: =B24-3.2 -> 80.8 | M24: =F24+1.6 -> 82.4 | N24: =D24-0.8 -> 89.2 | O24: =IF(AND(B24>=10,B24<=50), B24-0.2, IF(AND(B24>50,B24<=100),B24/2-0.2, IF(AND(B24>100,B24<=150),B24/3-0.2, ""))) -> 41.8 | P24: 92
C25: نوار | D25: نوار | E25: نوار | F25: نوار | G25: نوار | H25: نوار | I25: نوار | J25: نوار | K25: نوار | L25: نوار
C26: 1 | D26: 1 | E26: 0 | F26: 1 | G26: 0 | H26: 1 | I26: 0 | J26: 1 | K26: 0 | L26: 0
C27: تعداد: | D27: 2 | E27: تعداد: | F27: 1 | G27: تعداد: | H27: 1 | I27: تعداد: | J27: 1 | K27: تعداد | L27: 1 | M27: تعداد | N27: 1 | O27: تعداد: | P27: =IF(AND(B24>=10,B24<=50),1,IF(AND(B24>50,B24<=100),2,IF(AND(B24>100,B24<=150),3,""))) -> 2
A30: 5 | B30: کابینت هوایی | C30: بدنه | E30: کف | G30: تاق | I30: طبقه | K30: قید | M30: عرض3 میل | N30: طول3 میل | O30: عرض درب | P30: طول درب
B31: 84 | C31: 35 | D31: 90 | E31: 35 | F31: =B31-3.2 -> 80.8 | G31: =C31-2 -> 33 | H31: =B31-3.2 -> 80.8 | I31: =E31-3 -> 32 | J31: =F31 -> 80.8 | K31: 7 | L31: =B31-3.2 -> 80.8 | M31: =F31+1.6 -> 82.4 | N31: =D31-0.8 -> 89.2 | O31: =IF(AND(B31>=10,B31<=50), B31-0.2, IF(AND(B31>50,B31<=100),B31/2-0.2, IF(AND(B31>100,B31<=150),B31/3-0.2, ""))) -> 41.8 | P31: 92
C32: نوار | D32: نوار | E32: نوار | F32: نوار | G32: نوار | H32: نوار | I32: نوار | J32: نوار | K32: نوار | L32: نوار
C33: 1 | D33: 1 | E33: 0 | F33: 1 | G33: 0 | H33: 1 | I33: 0 | J33: 1 | K33: 0 | L33: 0
C34: تعداد: | D34: 2 | E34: تعداد: | F34: 1 | G34: تعداد: | H34: 1 | I34: تعداد: | J34: 1 | K34: تعداد | L34: 1 | M34: تعداد | N34: 1 | O34: تعداد: | P34: =IF(AND(B31>=10,B31<=50),1,IF(AND(B31>50,B31<=100),2,IF(AND(B31>100,B31<=150),3,""))) -> 2
A37: 6 | B37: کابینت هوایی | C37: بدنه | E37: کف | G37: تاق | I37: طبقه | K37: قید | M37: عرض3 میل | N37: طول3 میل | O37: عرض درب | P37: طول درب
B38: 84 | C38: 35 | D38: 90 | E38: 35 | F38: =B38-3.2 -> 80.8 | G38: =C38-2 -> 33 | H38: =B38-3.2 -> 80.8 | I38: =E38-3 -> 32 | J38: =F38 -> 80.8 | K38: 7 | L38: =B38-3.2 -> 80.8 | M38: =F38+1.6 -> 82.4 | N38: =D38-0.8 -> 89.2 | O38: =IF(AND(B38>=10,B38<=50), B38-0.2, IF(AND(B38>50,B38<=100),B38/2-0.2, IF(AND(B38>100,B38<=150),B38/3-0.2, ""))) -> 41.8 | P38: 92
C39: نوار | D39: نوار | E39: نوار | F39: نوار | G39: نوار | H39: نوار | I39: نوار | J39: نوار | K39: نوار | L39: نوار
C40: 1 | D40: 1 | E40: 0 | F40: 1 | G40: 0 | H40: 1 | I40: 0 | J40: 1 | K40: 0 | L40: 0
C41: تعداد: | D41: 2 | E41: تعداد: | F41: 1 | G41: تعداد: | H41: 1 | I41: تعداد: | J41: 1 | K41: تعداد | L41: 1 | M41: تعداد | N41: 1 | O41: تعداد: | P41: =IF(AND(B38>=10,B38<=50),1,IF(AND(B38>50,B38<=100),2,IF(AND(B38>100,B38<=150),3,""))) -> 2
A44: 7 | B44: کابینت هوایی | C44: بدنه | E44: کف | G44: تاق | I44: طبقه | K44: قید | M44: عرض3 میل | N44: طول3 میل | O44: عرض درب | P44: طول درب
B45: 84 | C45: 35 | D45: 90 | E45: 35 | F45: =B45-3.2 -> 80.8 | G45: =C45-2 -> 33 | H45: =B45-3.2 -> 80.8 | I45: =E45-3 -> 32 | J45: =F45 -> 80.8 | K45: 7 | L45: =B45-3.2 -> 80.8 | M45: =F45+1.6 -> 82.4 | N45: =D45-0.8 -> 89.2 | O45: =IF(AND(B45>=10,B45<=50), B45-0.2, IF(AND(B45>50,B45<=100),B45/2-0.2, IF(AND(B45>100,B45<=150),B45/3-0.2, ""))) -> 41.8 | P45: 92
C46: نوار | D46: نوار | E46: نوار | F46: نوار | G46: نوار | H46: نوار | I46: نوار | J46: نوار | K46: نوار | L46: نوار
C47: 1 | D47: 1 | E47: 0 | F47: 1 | G47: 0 | H47: 1 | I47: 0 | J47: 1 | K47: 0 | L47: 0
C48: تعداد: | D48: 2 | E48: تعداد: | F48: 1 | G48: تعداد: | H48: 1 | I48: تعداد: | J48: 1 | K48: تعداد | L48: 1 | M48: تعداد | N48: 1 | O48: تعداد: | P48: =IF(AND(B45>=10,B45<=50),1,IF(AND(B45>50,B45<=100),2,IF(AND(B45>100,B45<=150),3,""))) -> 2
A51: 8 | B51: کابینت هوایی | C51: بدنه | E51: کف | G51: تاق | I51: طبقه | K51: قید | M51: عرض3 میل | N51: طول3 میل | O51: عرض درب | P51: طول درب
B52: 84 | C52: 35 | D52: 90 | E52: 35 | F52: =B52-3.2 -> 80.8 | G52: =C52-2 -> 33 | H52: =B52-3.2 -> 80.8 | I52: =E52-3 -> 32 | J52: =F52 -> 80.8 | K52: 7 | L52: =B52-3.2 -> 80.8 | M52: =F52+1.6 -> 82.4 | N52: =D52-0.8 -> 89.2 | O52: =IF(AND(B52>=10,B52<=50), B52-0.2, IF(AND(B52>50,B52<=100),B52/2-0.2, IF(AND(B52>100,B52<=150),B52/3-0.2, ""))) -> 41.8 | P52: 92
C53: نوار | D53: نوار | E53: نوار | F53: نوار | G53: نوار | H53: نوار | I53: نوار | J53: نوار | K53: نوار | L53: نوار
C54: 1 | D54: 1 | E54: 0 | F54: 1 | G54: 0 | H54: 1 | I54: 0 | J54: 1 | K54: 0 | L54: 0
C55: تعداد: | D55: 2 | E55: تعداد: | F55: 1 | G55: تعداد: | H55: 1 | I55: تعداد: | J55: 1 | K55: تعداد | L55: 1 | M55: تعداد | N55: 1 | O55: تعداد: | P55: =IF(AND(B52>=10,B52<=50),1,IF(AND(B52>50,B52<=100),2,IF(AND(B52>100,B52<=150),3,""))) -> 2
A58: 9 | B58: کابینت هوایی | C58: بدنه | E58: کف | G58: تاق | I58: طبقه | K58: قید | M58: عرض3 میل | N58: طول3 میل | O58: عرض درب | P58: طول درب
B59: 84 | C59: 35 | D59: 90 | E59: 35 | F59: =B59-3.2 -> 80.8 | G59: =C59-2 -> 33 | H59: =B59-3.2 -> 80.8 | I59: =E59-3 -> 32 | J59: =F59 -> 80.8 | K59: 7 | L59: =B59-3.2 -> 80.8 | M59: =F59+1.6 -> 82.4 | N59: =D59-0.8 -> 89.2 | O59: =IF(AND(B59>=10,B59<=50), B59-0.2, IF(AND(B59>50,B59<=100),B59/2-0.2, IF(AND(B59>100,B59<=150),B59/3-0.2, ""))) -> 41.8 | P59: 92
C60: نوار | D60: نوار | E60: نوار | F60: نوار | G60: نوار | H60: نوار | I60: نوار | J60: نوار | K60: نوار | L60: نوار
C61: 1 | D61: 1 | E61: 0 | F61: 1 | G61: 0 | H61: 1 | I61: 0 | J61: 1 | K61: 0 | L61: 0
C62: تعداد: | D62: 2 | E62: تعداد: | F62: 1 | G62: تعداد: | H62: 1 | I62: تعداد: | J62: 1 | K62: تعداد | L62: 1 | M62: تعداد | N62: 1 | O62: تعداد: | P62: =IF(AND(B59>=10,B59<=50),1,IF(AND(B59>50,B59<=100),2,IF(AND(B59>100,B59<=150),3,""))) -> 2
A65: 10 | B65: کابینت هوایی | C65: بدنه | E65: کف | G65: تاق | I65: طبقه | K65: قید | M65: عرض3 میل | N65: طول3 میل | O65: عرض درب | P65: طول درب
B66: 84 | C66: 35 | D66: 90 | E66: 35 | F66: =B66-3.2 -> 80.8 | G66: =C66-2 -> 33 | H66: =B66-3.2 -> 80.8 | I66: =E66-3 -> 32 | J66: =F66 -> 80.8 | K66: 7 | L66: =B66-3.2 -> 80.8 | M66: =F66+1.6 -> 82.4 | N66: =D66-0.8 -> 89.2 | O66: =IF(AND(B66>=10,B66<=50), B66-0.2, IF(AND(B66>50,B66<=100),B66/2-0.2, IF(AND(B66>100,B66<=150),B66/3-0.2, ""))) -> 41.8 | P66: 92
C67: نوار | D67: نوار | E67: نوار | F67: نوار | G67: نوار | H67: نوار | I67: نوار | J67: نوار | K67: نوار | L67: نوار
C68: 1 | D68: 1 | E68: 0 | F68: 1 | G68: 0 | H68: 1 | I68: 0 | J68: 1 | K68: 0 | L68: 0
C69: تعداد: | D69: 2 | E69: تعداد: | F69: 1 | G69: تعداد: | H69: 1 | I69: تعداد: | J69: 1 | K69: تعداد | L69: 1 | M69: تعداد | N69: 1 | O69: تعداد: | P69: =IF(AND(B66>=10,B66<=50),1,IF(AND(B66>50,B66<=100),2,IF(AND(B66>100,B66<=150),3,""))) -> 2
A72: 11 | B72: کابینت هوایی | C72: بدنه | E72: کف | G72: تاق | I72: طبقه | K72: قید | M72: عرض3 میل | N72: طول3 میل | O72: عرض درب | P72: طول درب
B73: 84 | C73: 35 | D73: 90 | E73: 35 | F73: =B73-3.2 -> 80.8 | G73: =C73-2 -> 33 | H73: =B73-3.2 -> 80.8 | I73: =E73-3 -> 32 | J73: =F73 -> 80.8 | K73: 7 | L73: =B73-3.2 -> 80.8 | M73: =F73+1.6 -> 82.4 | N73: =D73-0.8 -> 89.2 | O73: =IF(AND(B73>=10,B73<=50), B73-0.2, IF(AND(B73>50,B73<=100),B73/2-0.2, IF(AND(B73>100,B73<=150),B73/3-0.2, ""))) -> 41.8 | P73: 92
C74: نوار | D74: نوار | E74: نوار | F74: نوار | G74: نوار | H74: نوار | I74: نوار | J74: نوار | K74: نوار | L74: نوار
C75: 1 | D75: 1 | E75: 0 | F75: 1 | G75: 0 | H75: 1 | I75: 0 | J75: 1 | K75: 0 | L75: 0
C76: تعداد: | D76: 2 | E76: تعداد: | F76: 1 | G76: تعداد: | H76: 1 | I76: تعداد: | J76: 1 | K76: تعداد | L76: 1 | M76: تعداد | N76: 1 | O76: تعداد: | P76: =IF(AND(B73>=10,B73<=50),1,IF(AND(B73>50,B73<=100),2,IF(AND(B73>100,B73<=150),3,""))) -> 2
A79: 12 | B79: کابینت هوایی | C79: بدنه | E79: کف | G79: تاق | I79: طبقه | K79: قید | M79: عرض3 میل | N79: طول3 میل | O79: عرض درب | P79: طول درب
B80: 84 | C80: 35 | D80: 50 | E80: 35 | F80: =B80-3.2 -> 80.8 | G80: =C80-2 -> 33 | H80: =B80-3.2 -> 80.8 | I80: =E80-3 -> 32 | J80: =F80 -> 80.8 | K80: 7 | L80: =B80-3.2 -> 80.8 | M80: =F80+1.6 -> 82.4 | N80: =D80-0.8 -> 49.2 | O80: =IF(AND(B80>=10,B80<=50), B80-0.2, IF(AND(B80>50,B80<=100),B80/2-0.2, IF(AND(B80>100,B80<=150),B80/3-0.2, ""))) -> 41.8 | P80: 92
C81: نوار | D81: نوار | E81: نوار | F81: نوار | G81: نوار | H81: نوار | I81: نوار | J81: نوار | K81: نوار | L81: نوار
C82: 1 | D82: 1 | E82: 0 | F82: 1 | G82: 0 | H82: 1 | I82: 0 | J82: 1 | K82: 0 | L82: 0
C83: تعداد: | D83: 2 | E83: تعداد: | F83: 1 | G83: تعداد: | H83: 1 | I83: تعداد: | J83: 1 | K83: تعداد | L83: 1 | M83: تعداد | N83: 1 | O83: تعداد: | P83: =IF(AND(B80>=10,B80<=50),1,IF(AND(B80>50,B80<=100),2,IF(AND(B80>100,B80<=150),3,""))) -> 2
A86: 13 | B86: کابینت هوایی | C86: بدنه | E86: کف | G86: تاق | I86: طبقه | K86: قید | M86: عرض3 میل | N86: طول3 میل | O86: عرض درب | P86: طول درب
B87: 84 | C87: 35 | D87: 90 | E87: 35 | F87: =B87-3.2 -> 80.8 | G87: =C87-2 -> 33 | H87: =B87-3.2 -> 80.8 | I87: =E87-3 -> 32 | J87: =F87 -> 80.8 | K87: 7 | L87: =B87-3.2 -> 80.8 | M87: =F87+1.6 -> 82.4 | N87: =D87-0.8 -> 89.2 | O87: =IF(AND(B87>=10,B87<=50), B87-0.2, IF(AND(B87>50,B87<=100),B87/2-0.2, IF(AND(B87>100,B87<=150),B87/3-0.2, ""))) -> 41.8 | P87: 92
C88: نوار | D88: نوار | E88: نوار | F88: نوار | G88: نوار | H88: نوار | I88: نوار | J88: نوار | K88: نوار | L88: نوار
C89: 1 | D89: 1 | E89: 0 | F89: 1 | G89: 0 | H89: 1 | I89: 0 | J89: 1 | K89: 0 | L89: 0
C90: تعداد: | D90: 2 | E90: تعداد: | F90: 1 | G90: تعداد: | H90: 1 | I90: تعداد: | J90: 1 | K90: تعداد | L90: 1 | M90: تعداد | N90: 1 | O90: تعداد: | P90: =IF(AND(B87>=10,B87<=50),1,IF(AND(B87>50,B87<=100),2,IF(AND(B87>100,B87<=150),3,""))) -> 2
A93: 14 | B93: کابینت هوایی | C93: بدنه | E93: کف | G93: تاق | I93: طبقه | K93: قید | M93: عرض3 میل | N93: طول3 میل | O93: عرض درب | P93: طول درب
B94: 84 | C94: 35 | D94: 90 | E94: 35 | F94: =B94-3.2 -> 80.8 | G94: =C94-2 -> 33 | H94: =B94-3.2 -> 80.8 | I94: =E94-3 -> 32 | J94: =F94 -> 80.8 | K94: 7 | L94: =B94-3.2 -> 80.8 | M94: =F94+1.6 -> 82.4 | N94: =D94-0.8 -> 89.2 | O94: =IF(AND(B94>=10,B94<=50), B94-0.2, IF(AND(B94>50,B94<=100),B94/2-0.2, IF(AND(B94>100,B94<=150),B94/3-0.2, ""))) -> 41.8 | P94: 92
C95: نوار | D95: نوار | E95: نوار | F95: نوار | G95: نوار | H95: نوار | I95: نوار | J95: نوار | K95: نوار | L95: نوار
C96: 1 | D96: 1 | E96: 0 | F96: 1 | G96: 0 | H96: 1 | I96: 0 | J96: 1 | K96: 0 | L96: 0
C97: تعداد: | D97: 2 | E97: تعداد: | F97: 1 | G97: تعداد: | H97: 1 | I97: تعداد: | J97: 1 | K97: تعداد | L97: 1 | M97: تعداد | N97: 1 | O97: تعداد: | P97: =IF(AND(B94>=10,B94<=50),1,IF(AND(B94>50,B94<=100),2,IF(AND(B94>100,B94<=150),3,""))) -> 2
A100: 15 | B100: کابینت هوایی | C100: بدنه | E100: کف | G100: تاق | I100: طبقه | K100: قید | M100: عرض3 میل | N100: طول3 میل | O100: عرض درب | P100: طول درب
B101: 84 | C101: 35 | D101: 90 | E101: 35 | F101: =B101-3.2 -> 80.8 | G101: =C101-2 -> 33 | H101: =B101-3.2 -> 80.8 | I101: =E101-3 -> 32 | J101: =F101 -> 80.8 | K101: 7 | L101: =B101-3.2 -> 80.8 | M101: =F101+1.6 -> 82.4 | N101: =D101-0.8 -> 89.2 | O101: =IF(AND(B101>=10,B101<=50), B101-0.2, IF(AND(B101>50,B101<=100),B101/2-0.2, IF(AND(B101>100,B101<=150),B101/3-0.2, ""))) -> 41.8 | P101: 92
C102: نوار | D102: نوار | E102: نوار | F102: نوار | G102: نوار | H102: نوار | I102: نوار | J102: نوار | K102: نوار | L102: نوار
C103: 1 | D103: 1 | E103: 0 | F103: 1 | G103: 0 | H103: 1 | I103: 0 | J103: 1 | K103: 0 | L103: 0
C104: تعداد: | D104: 2 | E104: تعداد: | F104: 1 | G104: تعداد: | H104: 1 | I104: تعداد: | J104: 1 | K104: تعداد | L104: 1 | M104: تعداد | N104: 1 | O104: تعداد: | P104: =IF(AND(B101>=10,B101<=50),1,IF(AND(B101>50,B101<=100),2,IF(AND(B101>100,B101<=150),3,""))) -> 2
A107: 16 | B107: کابینت هوایی | C107: بدنه | E107: کف | G107: تاق | I107: طبقه | K107: قید | M107: عرض3 میل | N107: طول3 میل | O107: عرض درب | P107: طول درب
B108: 84 | C108: 35 | D108: 90 | E108: 35 | F108: =B108-3.2 -> 80.8 | G108: =C108-2 -> 33 | H108: =B108-3.2 -> 80.8 | I108: =E108-3 -> 32 | J108: =F108 -> 80.8 | K108: 7 | L108: =B108-3.2 -> 80.8 | M108: =F108+1.6 -> 82.4 | N108: =D108-0.8 -> 89.2 | O108: =IF(AND(B108>=10,B108<=50), B108-0.2, IF(AND(B108>50,B108<=100),B108/2-0.2, IF(AND(B108>100,B108<=150),B108/3-0.2, ""))) -> 41.8 | P108: 92
C109: نوار | D109: نوار | E109: نوار | F109: نوار | G109: نوار | H109: نوار | I109: نوار | J109: نوار | K109: نوار | L109: نوار
C110: 1 | D110: 1 | E110: 0 | F110: 1 | G110: 0 | H110: 1 | I110: 0 | J110: 1 | K110: 0 | L110: 0
C111: تعداد: | D111: 2 | E111: تعداد: | F111: 1 | G111: تعداد: | H111: 1 | I111: تعداد: | J111: 1 | K111: تعداد | L111: 1 | M111: تعداد | N111: 1 | O111: تعداد: | P111: =IF(AND(B108>=10,B108<=50),1,IF(AND(B108>50,B108<=100),2,IF(AND(B108>100,B108<=150),3,""))) -> 2
A114: 17 | B114: کابینت هوایی | C114: بدنه | E114: کف | G114: تاق | I114: طبقه | K114: قید | M114: عرض3 میل | N114: طول3 میل | O114: عرض درب | P114: طول درب
B115: 84 | C115: 35 | D115: 90 | E115: 35 | F115: =B115-3.2 -> 80.8 | G115: =C115-2 -> 33 | H115: =B115-3.2 -> 80.8 | I115: =E115-3 -> 32 | J115: =F115 -> 80.8 | K115: 7 | L115: =B115-3.2 -> 80.8 | M115: =F115+1.6 -> 82.4 | N115: =D115-0.8 -> 89.2 | O115: =IF(AND(B115>=10,B115<=50), B115-0.2, IF(AND(B115>50,B115<=100),B115/2-0.2, IF(AND(B115>100,B115<=150),B115/3-0.2, ""))) -> 41.8 | P115: 92
C116: نوار | D116: نوار | E116: نوار | F116: نوار | G116: نوار | H116: نوار | I116: نوار | J116: نوار | K116: نوار | L116: نوار
C117: 1 | D117: 1 | E117: 0 | F117: 1 | G117: 0 | H117: 1 | I117: 0 | J117: 1 | K117: 0 | L117: 0
C118: تعداد: | D118: 2 | E118: تعداد: | F118: 1 | G118: تعداد: | H118: 1 | I118: تعداد: | J118: 1 | K118: تعداد | L118: 1 | M118: تعداد | N118: 1 | O118: تعداد: | P118: =IF(AND(B115>=10,B115<=50),1,IF(AND(B115>50,B115<=100),2,IF(AND(B115>100,B115<=150),3,""))) -> 2
A121: 18 | B121: کابینت هوایی | C121: بدنه | E121: کف | G121: تاق | I121: طبقه | K121: قید | M121: عرض3 میل | N121: طول3 میل | O121: عرض درب | P121: طول درب
B122: 84 | C122: 35 | D122: 90 | E122: 35 | F122: =B122-3.2 -> 80.8 | G122: =C122-2 -> 33 | H122: =B122-3.2 -> 80.8 | I122: =E122-3 -> 32 | J122: =F122 -> 80.8 | K122: 7 | L122: =B122-3.2 -> 80.8 | M122: =F122+1.6 -> 82.4 | N122: =D122-0.8 -> 89.2 | O122: =IF(AND(B122>=10,B122<=50), B122-0.2, IF(AND(B122>50,B122<=100),B122/2-0.2, IF(AND(B122>100,B122<=150),B122/3-0.2, ""))) -> 41.8 | P122: 92
C123: نوار | D123: نوار | E123: نوار | F123: نوار | G123: نوار | H123: نوار | I123: نوار | J123: نوار | K123: نوار | L123: نوار
C124: 1 | D124: 1 | E124: 0 | F124: 1 | G124: 0 | H124: 1 | I124: 0 | J124: 1 | K124: 0 | L124: 0
C125: تعداد: | D125: 2 | E125: تعداد: | F125: 1 | G125: تعداد: | H125: 1 | I125: تعداد: | J125: 1 | K125: تعداد | L125: 1 | M125: تعداد | N125: 1 | O125: تعداد: | P125: =IF(AND(B122>=10,B122<=50),1,IF(AND(B122>50,B122<=100),2,IF(AND(B122>100,B122<=150),3,""))) -> 2
A128: 19 | B128: کابینت هوایی | C128: بدنه | E128: کف | G128: تاق | I128: طبقه | K128: قید | M128: عرض3 میل | N128: طول3 میل | O128: عرض درب | P128: طول درب
B129: 84 | C129: 35 | D129: 90 | E129: 35 | F129: =B129-3.2 -> 80.8 | G129: =C129-2 -> 33 | H129: =B129-3.2 -> 80.8 | I129: =E129-3 -> 32 | J129: =F129 -> 80.8 | K129: 7 | L129: =B129-3.2 -> 80.8 | M129: =F129+1.6 -> 82.4 | N129: =D129-0.8 -> 89.2 | O129: =IF(AND(B129>=10,B129<=50), B129-0.2, IF(AND(B129>50,B129<=100),B129/2-0.2, IF(AND(B129>100,B129<=150),B129/3-0.2, ""))) -> 41.8 | P129: 92
C130: نوار | D130: نوار | E130: نوار | F130: نوار | G130: نوار | H130: نوار | I130: نوار | J130: نوار | K130: نوار | L130: نوار
C131: 1 | D131: 1 | E131: 0 | F131: 1 | G131: 0 | H131: 1 | I131: 0 | J131: 1 | K131: 0 | L131: 0
C132: تعداد: | D132: 2 | E132: تعداد: | F132: 1 | G132: تعداد: | H132: 1 | I132: تعداد: | J132: 1 | K132: تعداد | L132: 1 | M132: تعداد | N132: 1 | O132: تعداد: | P132: =IF(AND(B129>=10,B129<=50),1,IF(AND(B129>50,B129<=100),2,IF(AND(B129>100,B129<=150),3,""))) -> 2
A135: 20 | B135: کابینت هوایی | C135: بدنه | E135: کف | G135: تاق | I135: طبقه | K135: قید | M135: عرض3 میل | N135: طول3 میل | O135: عرض درب | P135: طول درب
B136: 35 | C136: 35 | D136: 90 | E136: 35 | F136: =B136-3.2 -> 31.8 | G136: =C136-2 -> 33 | H136: =B136-3.2 -> 31.8 | I136: =E136-3 -> 32 | J136: =F136 -> 31.8 | K136: 7 | L136: =B136-3.2 -> 31.8 | M136: =F136+1.6 -> 33.4 | N136: =D136-0.8 -> 89.2 | O136: =IF(AND(B136>=10,B136<=50), B136-0.2, IF(AND(B136>50,B136<=100),B136/2-0.2, IF(AND(B136>100,B136<=150),B136/3-0.2, ""))) -> 34.8 | P136: 92
C137: نوار | D137: نوار | E137: نوار | F137: نوار | G137: نوار | H137: نوار | I137: نوار | J137: نوار | K137: نوار | L137: نوار
C138: 1 | D138: 1 | E138: 0 | F138: 1 | G138: 0 | H138: 1 | I138: 0 | J138: 1 | K138: 0 | L138: 0
...

Sheet آنالیز هوایی
B1: ردیف
I2: نام یونیت:
B3: 1 | C3: توضیحات | D3: تعداد | E3: نوار | F3: عرض | G3: نوار | H3: طول | I3: ='کابینت هوایی'!B3 -> 60 | L3: طول | M3: عرض | N3: تعداد | O3: موارد | Q3: طول | R3: عرض | S3: تعداد | T3: موارد
D4: ='کابینت هوایی'!D6 -> 2 | E4: ='کابینت هوایی'!C5 -> 1 | F4: ='کابینت هوایی'!C3 -> 35 | G4: ='کابینت هوایی'!D5 -> 1 | H4: ='کابینت هوایی'!D3 -> 90 | I4: بدنه | L4: =H4 -> 90 | M4: =F4 -> 35 | N4: =D4 -> 2 | O4: safid366 | Q4: ='کابینت هوایی'!N3 -> 89.2 | R4: ='کابینت هوایی'!M3 -> 58.4 | S4: ='کابینت هوایی'!N6 -> 1 | T4: 3mil
D5: ='کابینت هوایی'!F6 -> 1 | E5: ='کابینت هوایی'!E5 -> 0 | F5: ='کابینت هوایی'!E3 -> 35 | G5: ='کابینت هوایی'!F5 -> 1 | H5: ='کابینت هوایی'!F3 -> 56.8 | I5: کف | L5: =H5 -> 56.8 | M5: =F5 -> 35 | N5: =D5 -> 1 | O5: safid366 | Q5: ='کابینت هوایی'!N10 -> 99.2 | R5: ='کابینت هوایی'!M10 -> 82.4 | S5: ='کابینت هوایی'!N13 -> 1 | T5: 3mil
D6: ='کابینت هوایی'!H6 -> 1 | E6: ='کابینت هوایی'!G5 -> 0 | F6: ='کابینت هوایی'!G3 -> 33 | G6: ='کابینت هوایی'!H5 -> 1 | H6: ='کابینت هوایی'!H3 -> 56.8 | I6: تاق | L6: =H6 -> 56.8 | M6: =F6 -> 33 | N6: =D6 -> 1 | O6: safid366 | Q6: ='کابینت هوایی'!N17 -> 89.2 | R6: ='کابینت هوایی'!M17 -> 78.4 | S6: ='کابینت هوایی'!N20 -> 1 | T6: 3mil
D7: ='کابینت هوایی'!J6 -> 1 | E7: ='کابینت هوایی'!I5 -> 0 | F7: ='کابینت هوایی'!I3 -> 32 | G7: ='کابینت هوایی'!J5 -> 1 | H7: ='کابینت هوایی'!J3 -> 56.8 | I7: طبقه | L7: =H7 -> 56.8 | M7: =F7 -> 32 | N7: =D7 -> 1 | O7: safid366 | Q7: ='کابینت هوایی'!N24 -> 89.2 | R7: ='کابینت هوایی'!M24 -> 82.4 | S7: ='کابینت هوایی'!N27 -> 1 | T7: 3mil
D8: ='کابینت هوایی'!L6 -> 1 | E8: ='کابینت هوایی'!K5 -> 0 | F8: ='کابینت هوایی'!K3 -> 7 | G8: ='کابینت هوایی'!L5 -> 0 | H8: ='کابینت هوایی'!L3 -> 56.8 | I8: قید | L8: =H8 -> 56.8 | M8: =F8 -> 7 | N8: =D8 -> 1 | O8: safid366 | Q8: ='کابینت هوایی'!N31 -> 89.2 | R8: ='کابینت هوایی'!M31 -> 82.4 | S8: ='کابینت هوایی'!N34 -> 1 | T8: 3mil
L9: =H12 -> 100 | M9: =F12 -> 35 | N9: =D12 -> 2 | O9: safid366 | Q9: ='کابینت هوایی'!N38 -> 89.2 | R9: ='کابینت هوایی'!M38 -> 82.4 | S9: ='کابینت هوایی'!N41 -> 1 | T9: 3mil
B10: 2 | I10: نام یونیت: | L10: =H13 -> 80.8 | M10: =F13 -> 35 | N10: =D13 -> 1 | O10: safid366 | Q10: ='کابینت هوایی'!N45 -> 89.2 | R10: ='کابینت هوایی'!M45 -> 82.4 | S10: ='کابینت هوایی'!N48 -> 1 | T10: 3mil
C11: توضیحات | D11: تعداد | E11: نوار | F11: عرض | G11: نوار | H11: طول | I11: ='کابینت هوایی'!B10 -> 84 | L11: =H14 -> 80.8 | M11: =F14 -> 33 | N11: =D14 -> 1 | O11: safid366 | Q11: ='کابینت هوایی'!N52 -> 89.2 | R11: ='کابینت هوایی'!M52 -> 82.4 | S11: ='کابینت هوایی'!N55 -> 1 | T11: 3mil
D12: ='کابینت هوایی'!D13 -> 2 | E12: ='کابینت هوایی'!C12 -> 1 | F12: ='کابینت هوایی'!C10 -> 35 | G12: ='کابینت هوایی'!D12 -> 1 | H12: ='کابینت هوایی'!D10 -> 100 | I12: بدنه | L12: =H15 -> 80.8 | M12: =F15 -> 32 | N12: =D15 -> 1 | O12: safid366 | Q12: ='کابینت هوایی'!N59 -> 89.2 | R12: ='کابینت هوایی'!M59 -> 82.4 | S12: ='کابینت هوایی'!N62 -> 1 | T12: 3mil
D13: ='کابینت هوایی'!F13 -> 1 | E13: ='کابینت هوایی'!E12 -> 0 | F13: ='کابینت هوایی'!E10 -> 35 | G13: ='کابینت هوایی'!F12 -> 1 | H13: ='کابینت هوایی'!F10 -> 80.8 | I13: کف | L13: =H16 -> 80.8 | M13: =F16 -> 7 | N13: =D16 -> 1 | O13: safid366 | Q13: ='کابینت هوایی'!N66 -> 89.2 | R13: ='کابینت هوایی'!M66 -> 82.4 | S13: ='کابینت هوایی'!N69 -> 1 | T13: 3mil
D14: ='کابینت هوایی'!H13 -> 1 | E14: ='کابینت هوایی'!G12 -> 0 | F14: ='کابینت هوایی'!G10 -> 33 | G14: ='کابینت هوایی'!H12 -> 1 | H14: ='کابینت هوایی'!H10 -> 80.8 | I14: تاق | L14: =H20 -> 90 | M14: =F20 -> 35 | N14: =D20 -> 2 | O14: safid366 | Q14: ='کابینت هوایی'!N73 -> 89.2 | R14: ='کابینت هوایی'!M73 -> 82.4 | S14: ='کابینت هوایی'!N76 -> 1 | T14: 3mil
D15: ='کابینت هوایی'!L13 -> 1 | E15: ='کابینت هوایی'!I12 -> 0 | F15: ='کابینت هوایی'!I10 -> 32 | G15: ='کابینت هوایی'!J12 -> 1 | H15: ='کابینت هوایی'!J10 -> 80.8 | I15: طبقه | L15: =H21 -> 76.8 | M15: =F21 -> 35 | N15: =D21 -> 1 | O15: safid366 | Q15: ='کابینت هوایی'!N80 -> 49.2 | R15: ='کابینت هوایی'!M80 -> 82.4 | S15: ='کابینت هوایی'!N83 -> 1 | T15: 3mil
D16: ='کابینت هوایی'!L13 -> 1 | E16: ='کابینت هوایی'!K12 -> 0 | F16: ='کابینت هوایی'!K10 -> 7 | G16: ='کابینت هوایی'!L12 -> 0 | H16: ='کابینت هوایی'!L10 -> 80.8 | I16: قید | L16: =H22 -> 76.8 | M16: =F22 -> 33 | N16: =D22 -> 1 | O16: safid366 | Q16: ='کابینت هوایی'!N87 -> 89.2 | R16: ='کابینت هوایی'!M87 -> 82.4 | S16: ='کابینت هوایی'!N90 -> 1 | T16: 3mil
L17: =H23 -> 76.8 | M17: =F23 -> 32 | N17: =D23 -> 1 | O17: safid366 | Q17: ='کابینت هوایی'!N94 -> 89.2 | R17: ='کابینت هوایی'!M94 -> 82.4 | S17: ='کابینت هوایی'!N97 -> 1 | T17: 3mil
I18: نام یونیت: | L18: =H24 -> 76.8 | M18: =F24 -> 7 | N18: =D24 -> 1 | O18: safid366 | Q18: ='کابینت هوایی'!N101 -> 89.2 | R18: ='کابینت هوایی'!M101 -> 82.4 | S18: ='کابینت هوایی'!N104 -> 1 | T18: 3mil
B19: 3 | C19: توضیحات | D19: تعداد | E19: نوار | F19: عرض | G19: نوار | H19: طول | I19: ='کابینت هوایی'!B17 -> 80 | L19: =H28 -> 90 | M19: =F28 -> 35 | N19: =D28 -> 2 | O19: safid366 | Q19: ='کابینت هوایی'!N108 -> 89.2 | R19: ='کابینت هوایی'!M108 -> 82.4 | S19: ='کابینت هوایی'!N111 -> 1 | T19: 3mil
D20: ='کابینت هوایی'!D20 -> 2 | E20: ='کابینت هوایی'!C19 -> 1 | F20: ='کابینت هوایی'!C17 -> 35 | G20: ='کابینت هوایی'!D19 -> 1 | H20: ='کابینت هوایی'!D17 -> 90 | I20: بدنه | L20: =H29 -> 80.8 | M20: =F29 -> 35 | N20: =D29 -> 1 | O20: safid366 | Q20: ='کابینت هوایی'!N115 -> 89.2 | R20: ='کابینت هوایی'!M115 -> 82.4 | S20: ='کابینت هوایی'!N118 -> 1 | T20: 3mil
D21: ='کابینت هوایی'!H20 -> 1 | E21: ='کابینت هوایی'!E19 -> 0 | F21: ='کابینت هوایی'!E17 -> 35 | G21: ='کابینت هوایی'!F19 -> 1 | H21: ='کابینت هوایی'!F17 -> 76.8 | I21: کف | L21: =H30 -> 80.8 | M21: =F30 -> 33 | N21: =D30 -> 1 | O21: safid366 | Q21: ='کابینت هوایی'!N122 -> 89.2 | R21: ='کابینت هوایی'!M122 -> 82.4 | S21: ='کابینت هوایی'!N125 -> 1 | T21: 3mil
D22: ='کابینت هوایی'!H20 -> 1 | E22: ='کابینت هوایی'!G19 -> 0 | F22: ='کابینت هوایی'!G17 -> 33 | G22: ='کابینت هوایی'!H19 -> 1 | H22: ='کابینت هوایی'!H17 -> 76.8 | I22: تاق | L22: =H31 -> 80.8 | M22: =F31 -> 32 | N22: =D31 -> 1 | O22: safid366 | Q22: ='کابینت هوایی'!N129 -> 89.2 | R22: ='کابینت هوایی'!M129 -> 82.4 | S22: ='کابینت هوایی'!N132 -> 1 | T22: 3mil
D23: ='کابینت هوایی'!J20 -> 1 | E23: ='کابینت هوایی'!I19 -> 0 | F23: ='کابینت هوایی'!I17 -> 32 | G23: ='کابینت هوایی'!J19 -> 1 | H23: ='کابینت هوایی'!J17 -> 76.8 | I23: طبقه | L23: =H32 -> 80.8 | M23: =F32 -> 7 | N23: =D32 -> 1 | O23: safid366 | Q23: ='کابینت هوایی'!N136 -> 89.2 | R23: ='کابینت هوایی'!M136 -> 33.4 | S23: ='کابینت هوایی'!N139 -> 1 | T23: 3mil
D24: ='کابینت هوایی'!L20 -> 1 | E24: ='کابینت هوایی'!K19 -> 0 | F24: ='کابینت هوایی'!K17 -> 7 | G24: ='کابینت هوایی'!L19 -> 0 | H24: ='کابینت هوایی'!L17 -> 76.8 | I24: قید | L24: =H36 -> 90 | M24: =F36 -> 35 | N24: =D36 -> 2 | O24: safid366
L25: =H37 -> 80.8 | M25: =F37 -> 35 | N25: =D37 -> 1 | O25: safid366
I26: نام یونیت: | L26: =H38 -> 80.8 | M26: =F38 -> 33 | N26: =D38 -> 1 | O26: safid366
B27: 4 | C27: توضیحات | D27: تعداد | E27: نوار | F27: عرض | G27: نوار | H27: طول | I27: ='کابینت هوایی'!B24 -> 84 | L27: =H39 -> 80.8 | M27: =F39 -> 32 | N27: =D39 -> 1 | O27: safid366
D28: ='کابینت هوایی'!D34 -> 2 | E28: ='کابینت هوایی'!C26 -> 1 | F28: ='کابینت هوایی'!C24 -> 35 | G28: ='کابینت هوایی'!D26 -> 1 | H28: ='کابینت هوایی'!D24 -> 90 | I28: بدنه | L28: =H40 -> 80.8 | M28: =F40 -> 7 | N28: =D40 -> 1 | O28: safid366 | Q28: طول | R28: عرض | S28: تعداد | T28: موارد
D29: ='کابینت هوایی'!F27 -> 1 | E29: ='کابینت هوایی'!E26 -> 0 | F29: ='کابینت هوایی'!E24 -> 35 | G29: ='کابینت هوایی'!F26 -> 1 | H29: ='کابینت هوایی'!F24 -> 80.8 | I29: کف | L29: =H44 -> 90 | M29: =F44 -> 35 | N29: =D44 -> 2 | O29: safid366 | Q29: ='کابینت هوایی'!P3 -> 92 | R29: ='کابینت هوایی'!O3 -> 29.8 | S29: ='کابینت هوایی'!P6 -> 2
D30: ='کابینت هوایی'!H27 -> 1 | E30: ='کابینت هوایی'!G26 -> 0 | F30: ='کابینت هوایی'!G24 -> 33 | G30: ='کابینت هوایی'!H26 -> 1 | H30: ='کابینت هوایی'!H24 -> 80.8 | I30: تاق | L30: =H45 -> 80.8 | M30: =F45 -> 35 | N30: =D45 -> 1 | O30: safid366 | Q30: ='کابینت هوایی'!P10 -> 92 | R30: ='کابینت هوایی'!O10 -> 41.8 | S30: ='کابینت هوایی'!P13 -> 2
D31: ='کابینت هوایی'!J27 -> 1 | E31: ='کابینت هوایی'!I26 -> 0 | F31: ='کابینت هوایی'!I24 -> 32 | G31: ='کابینت هوایی'!J26 -> 1 | H31: ='کابینت هوایی'!J24 -> 80.8 | I31: طبقه | L31: =H46 -> 80.8 | M31: =F46 -> 33 | N31: =D46 -> 1 | O31: safid366 | Q31: ='کابینت هوایی'!P17 -> 92 | R31: ='کابینت هوایی'!O17 -> 39.8 | S31: ='کابینت هوایی'!P20 -> 2
D32: ='کابینت هوایی'!L27 -> 1 | E32: ='کابینت هوایی'!K26 -> 0 | F32: ='کابینت هوایی'!K24 -> 7 | G32: ='کابینت هوایی'!L26 -> 0 | H32: ='کابینت هوایی'!L24 -> 80.8 | I32: قید | L32: =H47 -> 80.8 | M32: =F47 -> 32 | N32: =D47 -> 1 | O32: safid366 | Q32: ='کابینت هوایی'!P24 -> 92 | R32: ='کابینت هوایی'!O24 -> 41.8 | S32: ='کابینت هوایی'!P27 -> 2
L33: =H48 -> 80.8 | M33: =F48 -> 7 | N33: =D48 -> 1 | O33: safid366 | Q33: ='کابینت هوایی'!P31 -> 92 | R33: ='کابینت هوایی'!O31 -> 41.8 | S33: ='کابینت هوایی'!P34 -> 2
I34: نام یونیت: | L34: =H52 -> 90 | M34: =F52 -> 35 | N34: =D52 -> 2 | O34: safid366 | Q34: ='کابینت هوایی'!P38 -> 92 | R34: ='کابینت هوایی'!O38 -> 41.8 | S34: ='کابینت هوایی'!P41 -> 2
B35: 5 | C35: توضیحات | D35: تعداد | E35: نوار | F35: عرض | G35: نوار | H35: طول | I35: ='کابینت هوایی'!B31 -> 84 | L35: =H53 -> 80.8 | M35: =F53 -> 35 | N35: =D53 -> 1 | O35: safid366 | Q35: ='کابینت هوایی'!P45 -> 92 | R35: ='کابینت هوایی'!O45 -> 41.8 | S35: ='کابینت هوایی'!P48 -> 2
D36: ='کابینت هوایی'!D34 -> 2 | E36: ='کابینت هوایی'!C33 -> 1 | F36: ='کابینت هوایی'!C31 -> 35 | G36: ='کابینت هوایی'!D33 -> 1 | H36: ='کابینت هوایی'!D31 -> 90 | I36: بدنه | L36: =H54 -> 80.8 | M36: =F54 -> 33 | N36: =D54 -> 1 | O36: safid366 | Q36: ='کابینت هوایی'!P52 -> 92 | R36: ='کابینت هوایی'!O52 -> 41.8 | S36: ='کابینت هوایی'!P55 -> 2
D37: ='کابینت هوایی'!F34 -> 1 | E37: ='کابینت هوایی'!E33 -> 0 | F37: ='کابینت هوایی'!E31 -> 35 | G37: ='کابینت هوایی'!F33 -> 1 | H37: ='کابینت هوایی'!F31 -> 80.8 | I37: کف | L37: =H55 -> 80.8 | M37: =F55 -> 32 | N37: =D55 -> 1 | O37: safid366 | Q37: ='کابینت هوایی'!P59 -> 92 | R37: ='کابینت هوایی'!O59 -> 41.8 | S37: ='کابینت هوایی'!P62 -> 2
D38: ='کابینت هوایی'!H34 -> 1 | E38: ='کابینت هوایی'!G33 -> 0 | F38: ='کابینت هوایی'!G31 -> 33 | G38: ='کابینت هوایی'!H33 -> 1 | H38: ='کابینت هوایی'!H31 -> 80.8 | I38: تاق | L38: =H60 -> 90 | M38: =F60 -> 35 | N38: =D60 -> 2 | O38: safid366 | Q38: ='کابینت هوایی'!P66 -> 92 | R38: ='کابینت هوایی'!O66 -> 41.8 | S38: ='کابینت هوایی'!P69 -> 2
D39: ='کابینت هوایی'!J34 -> 1 | E39: ='کابینت هوایی'!I33 -> 0 | F39: ='کابینت هوایی'!I31 -> 32 | G39: ='کابینت هوایی'!J33 -> 1 | H39: ='کابینت هوایی'!J31 -> 80.8 | I39: طبقه | L39: =H61 -> 80.8 | M39: =F61 -> 35 | N39: =D61 -> 1 | O39: safid366 | Q39: ='کابینت هوایی'!P73 -> 92 | R39: ='کابینت هوایی'!O73 -> 41.8 | S39: ='کابینت هوایی'!P76 -> 2
D40: ='کابینت هوایی'!L34 -> 1 | E40: ='کابینت هوایی'!K33 -> 0 | F40: ='کابینت هوایی'!K31 -> 7 | G40: ='کابینت هوایی'!L33 -> 0 | H40: ='کابینت هوایی'!L31 -> 80.8 | I40: قید | L40: =H62 -> 80.8 | M40: =F62 -> 33 | N40: =D62 -> 1 | O40: safid366 | Q40: ='کابینت هوایی'!P80 -> 92 | R40: ='کابینت هوایی'!O80 -> 41.8 | S40: ='کابینت هوایی'!P83 -> 2
L41: =H63 -> 80.8 | M41: =F63 -> 32 | N41: =D63 -> 1 | O41: safid366 | Q41: ='کابینت هوایی'!P87 -> 92 | R41: ='کابینت هوایی'!O87 -> 41.8 | S41: ='کابینت هوایی'!P90 -> 2
I42: نام یونیت: | L42: =H64 -> 80.8 | M42: =F64 -> 7 | N42: =D64 -> 1 | O42: safid366 | Q42: ='کابینت هوایی'!P94 -> 92 | R42: ='کابینت هوایی'!O94 -> 41.8 | S42: ='کابینت هوایی'!P97 -> 2
B43: 6 | C43: توضیحات | D43: تعداد | E43: نوار | F43: عرض | G43: نوار | H43: طول | I43: ='کابینت هوایی'!B38 -> 84 | L43: =H68 -> 90 | M43: =F68 -> 35 | N43: =D68 -> 2 | O43: safid366 | Q43: ='کابینت هوایی'!P101 -> 92 | R43: ='کابینت هوایی'!O101 -> 41.8 | S43: ='کابینت هوایی'!P104 -> 2
D44: ='کابینت هوایی'!D41 -> 2 | E44: ='کابینت هوایی'!C40 -> 1 | F44: ='کابینت هوایی'!C38 -> 35 | G44: ='کابینت هوایی'!D40 -> 1 | H44: ='کابینت هوایی'!D38 -> 90 | I44: بدنه | L44: =H69 -> 80.8 | M44: =F69 -> 35 | N44: =D69 -> 1 | O44: safid366 | Q44: ='کابینت هوایی'!P108 -> 92 | R44: ='کابینت هوایی'!O108 -> 41.8 | S44: ='کابینت هوایی'!P111 -> 2
D45: ='کابینت هوایی'!F41 -> 1 | E45: ='کابینت هوایی'!E40 -> 0 | F45: ='کابینت هوایی'!E38 -> 35 | G45: ='کابینت هوایی'!F40 -> 1 | H45: ='کابینت هوایی'!F38 -> 80.8 | I45: کف | L45: =H70 -> 80.8 | M45: =F70 -> 33 | N45: =D70 -> 1 | O45: safid366 | Q45: ='کابینت هوایی'!P115 -> 92 | R45: ='کابینت هوایی'!O115 -> 41.8 | S45: ='کابینت هوایی'!P118 -> 2
D46: ='کابینت هوایی'!H41 -> 1 | E46: ='کابینت هوایی'!G40 -> 0 | F46: ='کابینت هوایی'!G38 -> 33 | G46: ='کابینت هوایی'!H40 -> 1 | H46: ='کابینت هوایی'!H38 -> 80.8 | I46: تاق | L46: =H71 -> 80.8 | M46: =F71 -> 32 | N46: =D71 -> 1 | O46: safid366 | Q46: ='کابینت هوایی'!P122 -> 92 | R46: ='کابینت هوایی'!O122 -> 41.8 | S46: ='کابینت هوایی'!P125 -> 2
D47: ='کابینت هوایی'!J41 -> 1 | E47: ='کابینت هوایی'!I40 -> 0 | F47: ='کابینت هوایی'!I38 -> 32 | G47: ='کابینت هوایی'!J40 -> 1 | H47: ='کابینت هوایی'!J38 -> 80.8 | I47: طبقه | L47: =H72 -> 80.8 | M47: =F72 -> 7 | N47: =D72 -> 1 | O47: safid366 | Q47: ='کابینت هوایی'!P129 -> 92 | R47: ='کابینت هوایی'!O129 -> 41.8 | S47: ='کابینت هوایی'!P132 -> 2
D48: ='کابینت هوایی'!L41 -> 1 | E48: ='کابینت هوایی'!K40 -> 0 | F48: ='کابینت هوایی'!K38 -> 7 | G48: ='کابینت هوایی'!L40 -> 0 | H48: ='کابینت هوایی'!L38 -> 80.8 | I48: قید | L48: =H76 -> 90 | M48: =F76 -> 35 | N48: =D76 -> 2 | O48: safid366 | Q48: ='کابینت هوایی'!P136 -> 92 | R48: ='کابینت هوایی'!O136 -> 34.8 | S48: ='کابینت هوایی'!P139 -> 1
L49: =H77 -> 80.8 | M49: =F77 -> 35 | N49: =D77 -> 1 | O49: safid366
I50: نام یونیت: | L50: =H78 -> 80.8 | M50: =F78 -> 33 | N50: =D78 -> 1 | O50: safid366
B51: 7 | C51: توضیحات | D51: تعداد | E51: نوار | F51: عرض | G51: نوار | H51: طول | I51: ='کابینت هوایی'!B45 -> 84 | L51: =H79 -> 80.8 | M51: =F79 -> 32 | N51: =D79 -> 1 | O51: safid366
D52: ='کابینت هوایی'!D48 -> 2 | E52: ='کابینت هوایی'!C47 -> 1 | F52: ='کابینت هوایی'!C45 -> 35 | G52: ='کابینت هوایی'!D47 -> 1 | H52: ='کابینت هوایی'!D45 -> 90 | I52: بدنه | L52: =H80 -> 80.8 | M52: =F80 -> 7 | N52: =D80 -> 1 | O52: safid366
D53: ='کابینت هوایی'!F48 -> 1 | E53: ='کابینت هوایی'!E47 -> 0 | F53: ='کابینت هوایی'!E45 -> 35 | G53: ='کابینت هوایی'!F47 -> 1 | H53: ='کابینت هوایی'!F45 -> 80.8 | I53: کف | L53: =H84 -> 90 | M53: =F84 -> 35 | N53: =D84 -> 2 | O53: safid366
D54: ='کابینت هوایی'!H55 -> 1 | E54: ='کابینت هوایی'!G54 -> 0 | F54: ='کابینت هوایی'!G52 -> 33 | G54: ='کابینت هوایی'!H54 -> 1 | H54: ='کابینت هوایی'!H52 -> 80.8 | I54: تاق | L54: =H85 -> 80.8 | M54: =F85 -> 35 | N54: =D85 -> 1 | O54: safid366
D55: ='کابینت هوایی'!J55 -> 1 | E55: ='کابینت هوایی'!I54 -> 0 | F55: ='کابینت هوایی'!I52 -> 32 | G55: ='کابینت هوایی'!J54 -> 1 | H55: ='کابینت هوایی'!J52 -> 80.8 | I55: طبقه | L55: =H86 -> 80.8 | M55: =F86 -> 33 | N55: =D86 -> 1 | O55: safid366
D56: ='کابینت هوایی'!L55 -> 1 | E56: ='کابینت هوایی'!K54 -> 0 | F56: ='کابینت هوایی'!K52 -> 7 | G56: ='کابینت هوایی'!L54 -> 0 | H56: ='کابینت هوایی'!L52 -> 80.8 | I56: قید | L56: =H87 -> 80.8 | M56: =F87 -> 32 | N56: =D87 -> 1 | O56: safid366
L57: =H88 -> 80.8 | M57: =F88 -> 7 | N57: =D88 -> 1 | O57: safid366
I58: نام یونیت: | L58: =H92 -> 50 | M58: =F92 -> 35 | N58: =D92 -> 2 | O58: safid366
B59: 8 | C59: توضیحات | D59: تعداد | E59: نوار | F59: عرض | G59: نوار | H59: طول | I59: ='کابینت هوایی'!B52 -> 84 | L59: =H93 -> 80.8 | M59: =F93 -> 35 | N59: =D93 -> 1 | O59: safid366
D60: ='کابینت هوایی'!D55 -> 2 | E60: ='کابینت هوایی'!C54 -> 1 | F60: ='کابینت هوایی'!C52 -> 35 | G60: ='کابینت هوایی'!D54 -> 1 | H60: ='کابینت هوایی'!D52 -> 90 | I60: بدنه | L60: =H94 -> 80.8 | M60: =F94 -> 33 | N60: =D94 -> 1 | O60: safid366
D61: ='کابینت هوایی'!F55 -> 1 | E61: ='کابینت هوایی'!E54 -> 0 | F61: ='کابینت هوایی'!E52 -> 35 | G61: ='کابینت هوایی'!F54 -> 1 | H61: ='کابینت هوایی'!F52 -> 80.8 | I61: کف | L61: =H95 -> 80.8 | M61: =F95 -> 32 | N61: =D95 -> 1 | O61: safid366
D62: ='کابینت هوایی'!H55 -> 1 | E62: ='کابینت هوایی'!G54 -> 0 | F62: ='کابینت هوایی'!G52 -> 33 | G62: ='کابینت هوایی'!H54 -> 1 | H62: ='کابینت هوایی'!H52 -> 80.8 | I62: تاق | L62: =H96 -> 80.8 | M62: =F96 -> 7 | N62: =D96 -> 1 | O62: safid366
D63: ='کابینت هوایی'!J55 -> 1 | E63: ='کابینت هوایی'!I54 -> 0 | F63: ='کابینت هوایی'!I52 -> 32 | G63: ='کابینت هوایی'!J54 -> 1 | H63: ='کابینت هوایی'!J52 -> 80.8 | I63: طبقه | L63: =H100 -> 90 | M63: =F100 -> 35 | N63: =D100 -> 2 | O63: safid366
D64: ='کابینت هوایی'!L55 -> 1 | E64: ='کابینت هوایی'!K54 -> 0 | F64: ='کابینت هوایی'!K52 -> 7 | G64: ='کابینت هوایی'!L54 -> 0 | H64: ='کابینت هوایی'!L52 -> 80.8 | I64: قید | L64: =H101 -> 80.8 | M64: =F101 -> 35 | N64: =D101 -> 1 | O64: safid366
L65: =H102 -> 80.8 | M65: =F102 -> 33 | N65: =D102 -> 1 | O65: safid366
I66: نام یونیت: | L66: =H103 -> 80.8 | M66: =F103 -> 32 | N66: =D103 -> 1 | O66: safid366
B67: 9 | C67: توضیحات | D67: تعداد | E67: نوار | F67: عرض | G67: نوار | H67: طول | I67: ='کابینت هوایی'!B59 -> 84 | L67: =H104 -> 80.8 | M67: =F104 -> 7 | N67: =D104 -> 1 | O67: safid366
D68: ='کابینت هوایی'!D62 -> 2 | E68: ='کابینت هوایی'!C61 -> 1 | F68: ='کابینت هوایی'!C59 -> 35 | G68: ='کابینت هوایی'!D61 -> 1 | H68: ='کابینت هوایی'!D59 -> 90 | I68: بدنه | L68: =H108 -> 90 | M68: =F108 -> 35 | N68: =D108 -> 2 | O68: safid366
D69: ='کابینت هوایی'!F62 -> 1 | E69: ='کابینت هوایی'!E61 -> 0 | F69: ='کابینت هوایی'!E59 -> 35 | G69: ='کابینت هوایی'!H61 -> 1 | H69: ='کابینت هوایی'!F59 -> 80.8 | I69: کف | L69: =H109 -> 80.8 | M69: =F109 -> 35 | N69: =D109 -> 1 | O69: safid366
D70: ='کابینت هوایی'!H62 -> 1 | E70: ='کابینت هوایی'!G61 -> 0 | F70: ='کابینت هوایی'!G59 -> 33 | G70: ='کابینت هوایی'!H61 -> 1 | H70: ='کابینت هوایی'!H59 -> 80.8 | I70: تاق | L70: =H110 -> 80.8 | M70: =F110 -> 33 | N70: =D110 -> 1 | O70: safid366
D71: ='کابینت هوایی'!J62 -> 1 | E71: ='کابینت هوایی'!I61 -> 0 | F71: ='کابینت هوایی'!I59 -> 32 | G71: ='کابینت هوایی'!J61 -> 1 | H71: ='کابینت هوایی'!J59 -> 80.8 | I71: طبقه | L71: =H111 -> 80.8 | M71: =F111 -> 32 | N71: =D111 -> 1 | O71: safid366
D72: ='کابینت هوایی'!L62 -> 1 | E72: ='کابینت هوایی'!K61 -> 0 | F72: ='کابینت هوایی'!K59 -> 7 | G72: ='کابینت هوایی'!L61 -> 0 | H72: ='کابینت هوایی'!L59 -> 80.8 | I72: قید | L72: =H112 -> 80.8 | M72: =F112 -> 7 | N72: =D112 -> 1 | O72: safid366
L73: =H116 -> 90 | M73: =F116 -> 35 | N73: =D116 -> 2 | O73: safid366
I74: نام یونیت: | L74: =H117 -> 80.8 | M74: =F117 -> 35 | N74: =D117 -> 1 | O74: safid366
B75: 10 | C75: توضیحات | D75: تعداد | E75: نوار | F75: عرض | G75: نوار | H75: طول | I75: ='کابینت هوایی'!B66 -> 84 | L75: =H118 -> 80.8 | M75: =F118 -> 33 | N75: =D118 -> 1 | O75: safid366
D76: ='کابینت هوایی'!D69 -> 2 | E76: ='کابینت هوایی'!C68 -> 1 | F76: ='کابینت هوایی'!C66 -> 35 | G76: ='کابینت هوایی'!D68 -> 1 | H76: ='کابینت هوایی'!D66 -> 90 | I76: بدنه | L76: =H119 -> 80.8 | M76: =F119 -> 32 | N76: =D119 -> 1 | O76: safid366
D77: ='کابینت هوایی'!F69 -> 1 | E77: ='کابینت هوایی'!E68 -> 0 | F77: ='کابینت هوایی'!E66 -> 35 | G77: ='کابینت هوایی'!F68 -> 1 | H77: ='کابینت هوایی'!F66 -> 80.8 | I77: کف | L77: =H120 -> 80.8 | M77: =F120 -> 7 | N77: =D120 -> 1 | O77: safid366
D78: ='کابینت هوایی'!H69 -> 1 | E78: ='کابینت هوایی'!G68 -> 0 | F78: ='کابینت هوایی'!G66 -> 33 | G78: ='کابینت هوایی'!H68 -> 1 | H78: ='کابینت هوایی'!H66 -> 80.8 | I78: تاق | L78: =H124 -> 90 | M78: =F124 -> 35 | N78: =D124 -> 2 | O78: safid366
D79: ='کابینت هوایی'!J69 -> 1 | E79: ='کابینت هوایی'!I68 -> 0 | F79: ='کابینت هوایی'!I66 -> 32 | G79: ='کابینت هوایی'!J68 -> 1 | H79: ='کابینت هوایی'!J66 -> 80.8 | I79: طبقه | L79: =H125 -> 80.8 | M79: =F125 -> 35 | N79: =D125 -> 1 | O79: safid366
D80: ='کابینت هوایی'!L69 -> 1 | E80: ='کابینت هوایی'!K68 -> 0 | F80: ='کابینت هوایی'!K66 -> 7 | G80: ='کابینت هوایی'!L68 -> 0 | H80: ='کابینت هوایی'!L66 -> 80.8 | I80: قید | L80: =H126 -> 80.8 | M80: =F126 -> 33 | N80: =D126 -> 1 | O80: safid366
L81: =H127 -> 80.8 | M81: =F127 -> 32 | N81: =D127 -> 1 | O81: safid366
I82: نام یونیت: | L82: =H128 -> 80.8 | M82: =F128 -> 7 | N82: =D128 -> 1 | O82: safid366
B83: 11 | C83: توضیحات | D83: تعداد | E83: نوار | F83: عرض | G83: نوار | H83: طول | I83: ='کابینت هوایی'!B73 -> 84 | L83: =H132 -> 90 | M83: =F132 -> 35 | N83: =D132 -> 2 | O83: safid366
D84: ='کابینت هوایی'!D76 -> 2 | E84: ='کابینت هوایی'!C75 -> 1 | F84: ='کابینت هوایی'!C73 -> 35 | G84: ='کابینت هوایی'!D75 -> 1 | H84: ='کابینت هوایی'!D73 -> 90 | I84: بدنه | L84: =H133 -> 80.8 | M84: =F133 -> 35 | N84: =D133 -> 1 | O84: safid366
D85: ='کابینت هوایی'!F76 -> 1 | E85: ='کابینت هوایی'!E75 -> 0 | F85: ='کابینت هوایی'!E73 -> 35 | G85: ='کابینت هوایی'!F75 -> 1 | H85: ='کابینت هوایی'!F73 -> 80.8 | I85: کف | L85: =H134 -> 80.8 | M85: =F134 -> 33 | N85: =D134 -> 1 | O85: safid366
D86: ='کابینت هوایی'!H76 -> 1 | E86: ='کابینت هوایی'!G75 -> 0 | F86: ='کابینت هوایی'!G73 -> 33 | G86: ='کابینت هوایی'!H75 -> 1 | H86: ='کابینت هوایی'!H73 -> 80.8 | I86: تاق | L86: =H135 -> 80.8 | M86: =F135 -> 32 | N86: =D135 -> 1 | O86: safid366
D87: ='کابینت هوایی'!J76 -> 1 | E87: ='کابینت هوایی'!I75 -> 0 | F87: ='کابینت هوایی'!I73 -> 32 | G87: ='کابینت هوایی'!J75 -> 1 | H87: ='کابینت هوایی'!J73 -> 80.8 | I87: طبقه | L87: =H136 -> 80.8 | M87: =F136 -> 7 | N87: =D136 -> 1 | O87: safid366
D88: ='کابینت هوایی'!L76 -> 1 | E88: ='کابینت هوایی'!K75 -> 0 | F88: ='کابینت هوایی'!K73 -> 7 | G88: ='کابینت هوایی'!L75 -> 0 | H88: ='کابینت هوایی'!L73 -> 80.8 | I88: قید | L88: =H140 -> 90 | M88: =F140 -> 35 | N88: =D140 -> 2 | O88: safid366
L89: =H141 -> 80.8 | M89: =F141 -> 35 | N89: =D141 -> 1 | O89: safid366
I90: نام یونیت: | L90: =H142 -> 80.8 | M90: =F142 -> 33 | N90: =D142 -> 1 | O90: safid366
B91: 12 | C91: توضیحات | D91: تعداد | E91: نوار | F91: عرض | G91: نوار | H91: طول | I91: ='کابینت هوایی'!B80 -> 84 | L91: =H143 -> 80.8 | M91: =F143 -> 32 | N91: =D143 -> 1 | O91: safid366
D92: ='کابینت هوایی'!D83 -> 2 | E92: ='کابینت هوایی'!C82 -> 1 | F92: ='کابینت هوایی'!C80 -> 35 | G92: ='کابینت هوایی'!D82 -> 1 | H92: ='کابینت هوایی'!D80 -> 50 | I92: بدنه | L92: =H144 -> 80.8 | M92: =F144 -> 7 | N92: =D144 -> 1 | O92: safid366
D93: ='کابینت هوایی'!F83 -> 1 | E93: ='کابینت هوایی'!E82 -> 0 | F93: ='کابینت هوایی'!E80 -> 35 | G93: ='کابینت هوایی'!F82 -> 1 | H93: ='کابینت هوایی'!F80 -> 80.8 | I93: کف | L93: =H148 -> 90 | M93: =F148 -> 35 | N93: =D148 -> 2 | O93: safid366
D94: ='کابینت هوایی'!H83 -> 1 | E94: ='کابینت هوایی'!G82 -> 0 | F94: ='کابینت هوایی'!G80 -> 33 | G94: ='کابینت هوایی'!H82 -> 1 | H94: ='کابینت هوایی'!H80 -> 80.8 | I94: تاق | L94: =H149 -> 80.8 | M94: =F149 -> 35 | N94: =D149 -> 1 | O94: safid366
D95: ='کابینت هوایی'!J83 -> 1 | E95: ='کابینت هوایی'!I82 -> 0 | F95: ='کابینت هوایی'!I80 -> 32 | G95: ='کابینت هوایی'!J82 -> 1 | H95: ='کابینت هوایی'!J80 -> 80.8 | I95: طبقه | L95: =H150 -> 80.8 | M95: =F150 -> 33 | N95: =D150 -> 1 | O95: safid366
D96: ='کابینت هوایی'!L83 -> 1 | E96: ='کابینت هوایی'!K82 -> 0 | F96: ='کابینت هوایی'!K80 -> 7 | G96: ='کابینت هوایی'!L82 -> 0 | H96: ='کابینت هوایی'!L80 -> 80.8 | I96: قید | L96: =H151 -> 80.8 | M96: =F151 -> 32 | N96: =D151 -> 1 | O96: safid366
L97: =H152 -> 80.8 | M97: =F152 -> 7 | N97: =D152 -> 1 | O97: safid366
I98: نام یونیت: | L98: =H156 -> 90 | M98: =F156 -> 35 | N98: =D156 -> 2 | O98: safid366
B99: 13 | C99: توضیحات | D99: تعداد | E99: نوار | F99: عرض | G99: نوار | H99: طول | I99: ='کابینت هوایی'!B87 -> 84 | L99: =H157 -> 31.8 | M99: =F157 -> 35 | N99: =D157 -> 1 | O99: safid366
D100: ='کابینت هوایی'!D90 -> 2 | E100: ='کابینت هوایی'!C89 -> 1 | F100: ='کابینت هوایی'!C87 -> 35 | G100: ='کابینت هوایی'!D89 -> 1 | H100: ='کابینت هوایی'!D87 -> 90 | I100: بدنه | L100: =H158 -> 31.8 | M100: =F158 -> 33 | N100: =D158 -> 1 | O100: safid366
...

Sheet کشو
B3: تعداد | C3: عمق | D3: عرض | E3: ارتفاع | G3: بدنه کشو | I3: جلو کشو | K3: پشت کشو
B4: 1 | C4: 50 | D4: 90 | E4: 50 | G4: طول | H4: =C4-5 -> 45 | I4: طول | J4: =D4-9.1 -> 80.9 | K4: طول | L4: =J4 -> 80.9
G5: عرض | H5: =E4/3-4 -> 12.666667 | I5: عرض | J5: =H5 -> 12.666667 | K5: عرض | L5: =J5-2 -> 10.666667
G6: تعداد | H6: =B4*2 -> 2 | I6: تعداد | J6: =B4 -> 1 | K6: تعداد | L6: =J6 -> 1
